tenure1,tenure2,runs,mean_gap,min_gap,max_gap,std_gap,mean_value,mean_iterations,mean_candidates,mean_feasibility
1,1,100,7.50652435,2.846975,12.930012,2.124224556,906.28,8937.21,2218851309,43988181.85
1,2,100,7.26453146,1.779359,12.336892,2.151090152,904.24,9163.02,2284154572,43699877.99
1,3,100,7.01186244,1.779359,12.336892,2.15977989,902.11,9216.99,2308776108,43255888.78
1,4,100,6.92408072,1.779359,12.336892,2.110232198,901.37,9498.02,2378650987,42995468.69
1,5,100,6.84104394,1.779359,12.336892,2.148110303,900.67,9975.28,2500292864,42607582.05
1,6,100,6.75563467,1.779359,12.336892,2.065003929,899.95,10443.38,2616140931,41779761.43
1,7,100,6.72835119,1.779359,12.336892,2.111405541,899.72,10887.26,2722317289,41252869.97
1,8,100,6.58837486,1.779359,12.336892,2.077428202,898.54,11296.63,2815637274,40056700.34
1,9,100,6.633452,1.779359,12.336892,2.134078056,898.92,11521.31,2864022389,39279440.21
1,10,100,6.58007124,1.542112,11.150652,2.087259819,898.47,11827.35,2928053635,38650782.2
1,11,100,6.60260976,1.423488,12.336892,2.185967012,898.66,12321.23,3034059719,37644456.3
1,12,100,6.46500595,1.423488,12.336892,2.165340703,897.5,12816.86,3136841170,36728493.11
1,13,100,6.49940688,1.779359,12.336892,2.171423435,897.79,14978.79,3629042407,37788114.64
1,14,100,6.47093713,1.779359,10.438909,2.189745203,897.55,15732.64,3782859062,37393138.84
1,15,100,6.37841045,1.779359,10.438909,2.110717141,896.77,16600.69,3946399691,36539671.97
2,1,100,6.98813767,1.897983,12.930012,2.165511032,901.91,9757.93,2371776972,49161829.96
2,2,100,6.85409259,1.897983,12.811388,2.138329782,900.78,10263.25,2510109410,46996382.93
2,3,100,6.67497039,0.237248,12.336892,2.18828293,899.27,10693.07,2628417412,48227224.26
2,4,100,6.42823254,0.237248,12.336892,2.188921967,897.19,11039.13,2725907875,46378690.17
2,5,100,6.31909851,1.542112,12.336892,2.185358015,896.27,11821.19,2927687147,46250832.94
2,6,100,6.03795975,0.237248,10.557533,2.12271318,893.9,12452.94,3084344077,46073744.72
2,7,100,6.04863586,0.355872,12.57414,2.242728168,893.99,13013.56,3214568140,44581209.86
2,8,100,5.96204037,0.237248,11.032028,2.228111718,893.26,13677.83,3367866533,43360573.66
2,9,100,5.96559908,1.779359,10.794781,2.19129732,893.29,14246.45,3488053132,41513549.81
2,10,100,5.84104392,1.304864,10.676157,2.1535996,892.24,15101.11,3676580371,39556452.19
2,11,100,5.92763938,1.779359,11.032028,2.146813017,892.97,15644.26,3780378371,38153071.31
2,12,100,5.9145908,1.423488,10.794781,2.139223024,892.86,16499.12,3951917327,35517895.03
2,13,100,5.93238439,1.779359,11.032028,2.126459293,893.01,17317.14,4115059935,33644023.83
2,14,100,5.96322657,1.779359,11.032028,2.1094372,893.27,17975.87,4231863828,32325923.31
2,15,100,5.91577701,1.304864,11.032028,2.166663321,892.87,18850.25,4392980943,30567728.37
3,1,100,6.44958487,1.304864,12.336892,2.17967909,897.37,9446.99,2253526045,50320160.42
3,2,100,6.1126928,1.304864,10.083037,2.086783109,894.53,9703.18,2335341660,48559303.06
3,3,100,6.12336893,1.304864,12.336892,2.142194959,894.62,10008.67,2425778039,47371349.17
3,4,100,5.62396208,1.18624,10.913405,2.097289681,890.41,10799.82,2639487432,46767471.62
3,5,100,5.57176752,0.237248,10.676157,2.165009485,889.97,11399.27,2794743260,45396755.43
3,6,100,5.53855286,0.237248,10.083037,2.105784662,889.69,11261.09,2765594591,41788398.43
3,7,100,5.52194547,0.237248,9.964413,2.176789632,889.55,11801.99,2894807731,40698432.57
3,8,100,5.6465006,1.779359,10.320285,2.134432378,890.6,12303.03,3007648211,39016915.29
3,9,100,5.52431796,0.355872,10.083037,2.078032631,889.57,12926.18,3148537787,37249826.09
3,10,100,5.59193356,0.237248,10.083037,2.03076151,890.14,13568.01,3286911465,35426462.15
3,11,100,5.77342828,1.304864,10.083037,2.076376636,891.67,14258.62,3430595606,34462810.08
3,12,100,5.7081851,0.59312,10.320285,2.045564161,891.12,15002.76,3585153788,32923781.03
3,13,100,5.70818509,1.423488,10.083037,2.026996657,891.12,15644.65,3707038937,31317685.26
3,14,100,5.67497034,1.660735,10.083037,2.114744644,890.84,16445.64,3860266140,29532788.96
3,15,100,5.79240807,0.830368,10.557533,2.194911127,891.83,17145.88,3987633366,27803704.16
4,1,100,5.37010671,1.067616,12.336892,2.182298944,888.27,8227.6,1924917258,47061080.18
4,2,100,4.98576512,1.067616,10.083037,2.104012785,885.03,8579.57,2039548230,44282671.72
4,3,100,4.78884937,0.237248,10.083037,2.153172895,883.37,9239.45,2220505497,43006529.09
4,4,100,5.19928829,0.237248,10.913405,2.175593041,886.83,9691.4,2336789620,41688579.03
4,5,100,5.2064057,1.304864,10.557533,2.118852364,886.89,10470.86,2542216034,40678349.68
4,6,100,5.14353505,0.237248,11.032028,2.057704837,886.36,11074.52,2692234168,39529381.42
4,7,100,5.24436539,0.355872,10.083037,2.149978123,887.21,11874.86,2886683901,38620991.55
4,8,100,5.16844606,0.237248,9.845789,2.046118261,886.57,12546.07,3043007315,36922178.99
4,9,100,5.43179127,1.067616,9.964413,2.010239279,888.79,12999.66,3142481847,35683753.45
4,10,100,5.39620408,0.355872,9.727165,2.020268829,888.49,13676.05,3291948868,34471054.62
4,11,100,5.39501789,0.355872,9.489917,1.955195886,888.48,14158.61,3384012763,32954161.8
4,12,100,5.41162522,0.711744,10.201661,2.04886209,888.62,15361.46,3648339110,30701884.98
4,13,100,5.58125744,1.779359,11.032028,2.034422657,890.05,15869.81,3739144043,29411211.88
4,14,100,5.58125748,1.779359,11.032028,1.992917888,890.05,16506.74,3859327274,28171517.94
4,15,100,5.71886124,1.779359,11.032028,2.086840305,891.21,17251.68,3994256787,26433013.93
5,1,100,4.623962,0.59312,9.727165,1.999156261,881.98,8080.04,1866876553,47000376.79
5,2,100,4.07473311,0.237248,10.438909,2.126317532,877.35,8741.64,2054966398,45696779.03
5,3,100,4.06761571,0.355872,9.727165,2.032739585,877.29,9391.11,2235780342,43587145.44
5,4,100,4.46263346,0.237248,9.015421,2.064756499,880.62,9798.93,2344522847,42181396.7
5,5,100,4.76156588,0.237248,9.845789,1.999656692,883.14,10257.61,2464537438,39792453.01
5,6,100,4.99169637,0.237248,9.845789,2.187751815,885.08,11052.22,2661317826,39602724.97
5,7,100,4.90984584,0.237248,9.845789,2.17558262,884.39,11738.82,2828703595,38253362.46
5,8,100,5.01779358,0.355872,9.845789,2.029815077,885.3,12185.82,2933560248,36913772.5
5,9,100,5.13879011,0.237248,9.845789,1.955951863,886.32,13010.86,3125196137,35783667.88
5,10,100,5.22894429,0.237248,9.727165,2.04420181,887.08,13549.59,3239890073,33702464.54
5,11,100,5.27876638,0.355872,9.489917,2.033453104,887.5,14636.7,3477898327,31602750.99
5,12,100,5.37722426,0.355872,9.964413,2.05573767,888.33,15289.59,3609565998,30373445.46
5,13,100,5.36773432,0.355872,9.845789,1.925446774,888.25,16148.49,3783578352,28520743.95
5,14,100,5.62396201,1.779359,9.845789,1.957928534,890.41,16550.15,3846451285,27407351.07
5,15,100,5.67852907,0.355872,10.913405,2.128607843,890.87,17389.24,4006938229,25800824.88
6,1,100,3.69395019,0.237248,9.608541,1.911119883,874.14,8269.69,1882767073,48807549.64
6,2,100,3.64175562,0.237248,9.727165,1.834036988,873.7,8975.45,2091616847,45503088.01
6,3,100,3.81020167,0.237248,8.659549,1.834484892,875.12,9742.68,2297056755,43567401.57
6,4,100,4.00948989,0.237248,8.659549,1.799416488,876.8,9849.28,2337857055,42548578.31
6,5,100,4.21233688,0.355872,9.727165,2.063428478,878.51,10536.8,2508911486,40944310.64
6,6,100,4.62158957,0.355872,9.727165,2.090149633,881.96,11371.56,2714557123,37701658.49
6,7,100,4.71648875,0.237248,10.083037,2.036918646,882.76,11661.19,2788445746,37939343.91
6,8,100,4.88493481,0.355872,9.845789,2.059283345,884.18,12366.64,2954493631,36625730.86
6,9,100,4.88730723,0.59312,9.489917,2.013891944,884.2,13163.99,3137678967,35236684.24
6,10,100,4.98813759,0.474496,9.489917,1.978386619,885.05,14114.71,3350064926,32493335.86
6,11,100,5.20166075,1.542112,9.489917,2.027073414,886.85,14705.94,3474496088,31639129.91
6,12,100,5.3107948,1.660735,9.727165,2.012328317,887.77,15543.05,3649783768,29696964.85
6,13,100,5.38671411,1.660735,9.845789,1.956984543,888.41,16182.03,3774174289,28202809.85
6,14,100,5.36654806,0.474496,10.557533,2.099458999,888.24,16903.16,3920390083,26507904.61
6,15,100,5.52313166,1.660735,9.608541,1.938904856,889.56,17571.64,4038369128,25751755.17
7,1,100,3.72597865,0.237248,8.659549,1.922692757,874.41,8270.81,1868952786,49382186.18
7,2,100,3.33096084,0.237248,8.659549,1.817703158,871.08,9069.43,2094346273,46018477.55
7,3,100,3.5361803,0,8.778173,1.899158447,872.81,9586.99,2240772674,44840086.93
7,4,100,3.65361803,0.237248,8.778173,1.796491418,873.8,10107.97,2377243306,42873381.18
7,5,100,3.82087781,0.355872,9.845789,1.860337507,875.21,10708.7,2531432264,40964012.52
7,6,100,4.08778172,1.304864,8.896797,1.816196544,877.46,11241.79,2662799490,39091415.28
7,7,100,4.38790035,0.59312,9.489917,2.065838,879.99,12121.27,2872678992,36868684.54
7,8,100,4.55278769,0.711744,9.489917,2.048515216,881.38,12565.28,2979003238,35876623.87
7,9,100,4.61447212,0.237248,9.489917,2.174445848,881.9,13423.55,3178255232,34153337.83
7,10,100,4.82680898,0.355872,9.489917,2.086118205,883.69,14123.38,3332614095,32405207.27
7,11,100,4.85409253,0.355872,9.489917,1.921256945,883.92,14898.19,3499280012,31062773.52
7,12,100,5.09608543,0.474496,9.489917,2.055520862,885.96,15474.05,3616050620,29510338.83
7,13,100,5.27283511,1.660735,9.845789,1.942351372,887.45,16241.18,3769456320,27952400.61
7,14,100,5.23724797,0.237248,9.845789,2.088547853,887.15,16638.87,3838090773,27090654.07
7,15,100,5.34875445,0.237248,9.845789,2.199248255,888.09,17425.05,3989690975,25939584.66
8,1,100,3.35824433,0,9.015421,2.048231707,871.31,7811.48,1744648245,49937101.1
8,2,100,3.37959666,0.237248,8.659549,1.920799293,871.49,8966.58,2055040445,46556583.43
8,3,100,3.50296566,0,7.829181,1.817685598,872.53,9782.22,2267264020,44516522.19
8,4,100,3.5646501,0.474496,7.829181,1.595732945,873.05,10541,2463288626,41934904.55
8,5,100,3.67259787,0.474496,7.47331,1.702650988,873.96,10771.95,2528543775,40919539.72
8,6,100,3.82325031,0.59312,8.896797,1.812627011,875.23,11229.62,2644688430,39564726.68
8,7,100,4.0083037,0.355872,7.710558,1.910768488,876.79,12141.12,2858914360,37224724.31
8,8,100,4.3724792,0.355872,9.134045,2.084368104,879.86,12873.96,3028112734,34825489
8,9,100,4.4543298,0.237248,9.371293,2.119287078,880.55,13453.66,3163612152,33465737.21
8,10,100,4.66666667,0.355872,9.252669,1.937870952,882.34,14169.36,3327118790,31936794.94
8,11,100,4.8588375,0.711744,9.489917,2.009505618,883.96,15017.87,3508249113,30150401.85
8,12,100,5.0794781,0.711744,9.489917,2.009821053,885.82,15746.64,3660252385,28911983.69
8,13,100,5.27876636,1.660735,9.845789,1.825024832,887.5,16191.45,3741758884,27779801.03
8,14,100,5.25029657,0.830368,10.438909,1.933053393,887.26,16852.77,3871922461,26801584.32
8,15,100,5.38315541,0.59312,9.845789,1.834601094,888.38,17533.93,4000336382,25821797.13
9,1,100,3.4412811,0,7.829181,1.925012644,872.01,8051.21,1786863268,50122421.96
9,2,100,3.11269272,0,7.947805,1.695892318,869.24,9003.07,2046107705,47127251.05
9,3,100,3.30130487,0.237248,8.778173,1.728429499,870.83,9883.98,2276441941,44497484.78
9,4,100,3.4911032,0.237248,7.710558,1.626337375,872.43,10365.11,2405522726,42867763.14
9,5,100,3.63938313,0.237248,7.591934,1.824509178,873.68,10966.08,2559490855,40336760.95
9,6,100,3.69632263,0.355872,7.354686,1.642379989,874.16,11554.48,2701460239,38800642.17
9,7,100,3.89679713,0.237248,8.185053,1.720625819,875.85,12295.29,2878710177,36646276.34
9,8,100,4.15539737,0.237248,8.896797,1.878445832,878.03,12790.11,2992091702,35883536.47
9,9,100,4.36654808,0.237248,9.015421,1.980635566,879.81,13866.82,3230925512,32121574.07
9,10,100,4.68564651,0.711744,9.489917,2.058670302,882.5,14278.59,3329502840,31321370.01
9,11,100,4.61803089,0.59312,9.489917,2.058722504,881.93,15077.81,3502247641,30062367.91
9,12,100,4.85646498,0.59312,9.489917,1.916304152,883.94,15610.66,3613478200,29141117.47
9,13,100,4.93119812,0.237248,9.845789,1.896429246,884.57,16234.53,3737138548,27538359.53
9,14,100,5.08422303,0.474496,9.489917,1.92194784,885.86,17030.4,3892118156,26528538.7
9,15,100,5.1886121,0.237248,9.845789,2.004456014,886.74,17475.69,3968146372,25923088.19
10,1,100,3.22657173,0,7.829181,1.985889216,870.2,8039.95,1767297530,52073271.05
10,2,100,3.14946616,0,8.659549,1.882747876,869.55,9086.19,2054995383,46673309.28
10,3,100,2.99762754,0.118624,7.710558,1.678938986,868.27,10165.21,2329207077,43970218.22
10,4,100,3.13404504,0.237248,7.829181,1.766747735,869.42,10852.14,2502178225,42253715.79
10,5,100,3.28825624,0.237248,6.998814,1.761905995,870.72,11526.3,2671177924,39368266.38
10,6,100,3.65717667,0,10.438909,1.849207238,873.83,11646.04,2709266510,39153799.18
10,7,100,3.92526686,0.59312,8.540925,1.846441169,876.09,12554.15,2921477416,36708244.42
10,8,100,4.22064056,0.237248,8.422301,1.788576253,878.58,12790.2,2975850707,35489504.93
10,9,100,4.24555162,0.355872,9.252669,1.85275804,878.79,13527.36,3143357875,34166239.35
10,10,100,4.4341637,0.355872,9.489917,1.896768299,880.38,14726.04,3407037914,30899285.97
10,11,100,4.6227758,0.474496,9.845789,1.920648387,881.97,15050.49,3477669553,30556743.53
10,12,100,4.81020167,0.59312,9.489917,1.888476808,883.55,15820.41,3644689172,28811623.45
10,13,100,4.91340458,1.542112,9.489917,1.756662544,884.42,16017.41,3675661389,28073059.46
10,14,100,4.96678529,0.237248,9.489917,1.993437009,884.87,16976.27,3871039838,26711921.34
10,15,100,5.18979837,0.237248,9.845789,1.887498078,886.75,17554.47,3980419381,25769523.57
11,1,100,3.23368913,0,7.947805,1.909601978,870.26,7949.11,1737633736,50528561.29
11,2,100,2.88018976,0,7.354686,1.73998797,867.28,9266.64,2078554617,47327986.82
11,3,100,2.77935946,0,7.591934,1.75359119,866.43,9723.54,2209970876,45280889.74
11,4,100,3.03202842,0.237248,8.066429,1.672277013,868.56,10620.8,2435549636,42897940.29
11,5,100,3.2099644,0.355872,6.998814,1.657207263,870.06,11406.77,2627616807,40317407.77
11,6,100,3.52787659,0.237248,8.185053,1.73200834,872.74,11814.45,2730691049,38461576.27
11,7,100,3.68208783,0,7.591934,1.760844055,874.04,12611.39,2920789697,36970614.03
11,8,100,3.71767494,0.237248,7.591934,1.701673949,874.34,13196.33,3058416136,34700991.96
11,9,100,4.14827996,0.237248,9.252669,1.915535243,877.97,13669.54,3163508378,33400049.09
11,10,100,4.24673791,0.237248,9.252669,1.971666673,878.8,14261.33,3288114885,32162786.27
11,11,100,4.47212337,0.711744,8.778173,1.844623909,880.7,15212.16,3492424161,29730059.95
11,12,100,4.48517205,0.59312,9.845789,1.971860947,880.81,15762.68,3612199356,29051481.41
11,13,100,4.74614473,0.355872,9.134045,1.81667187,883.01,16056.72,3671466105,28406242.37
11,14,100,4.77817324,0.830368,9.845789,1.870455337,883.28,16641.48,3785275671,27187661.15
11,15,100,5.10557535,0.711744,9.964413,1.840799518,886.04,17383.65,3921985784,25636819.87
12,1,100,3.1826809,0,8.659549,1.937858869,869.83,7804.49,1696042446,52397063.28
12,2,100,2.79715296,0,6.88019,1.676594371,866.58,9062.77,2018781016,48699975.38
12,3,100,2.76986948,0.118624,7.710558,1.654679853,866.35,10160,2300791200,44631112.55
12,4,100,3.15183864,0,7.591934,1.771413871,869.57,10804.2,2467265208,42262973.12
12,5,100,2.97864769,0,7.947805,1.796245751,868.11,11501.95,2637048300,40222415.84
12,6,100,3.4234875,0.237248,8.303677,1.773159401,871.86,11757.52,2702769429,38820009.82
12,7,100,3.65243183,0.237248,7.236062,1.579521096,873.79,12548.52,2893634555,36833998.54
12,8,100,3.77935943,0.118624,9.608541,1.966253944,874.86,12970.95,2995807286,35354700.75
12,9,100,3.94661921,0.237248,9.015421,1.846422593,876.27,13632.99,3144851422,33818140.36
12,10,100,4.13404506,0.237248,8.422301,1.968374802,877.85,14471.16,3328386535,31628147.31
12,11,100,4.32147099,0.118624,9.134045,2.001449654,879.43,14723.58,3378831730,30825745.57
12,12,100,4.47212337,0.474496,8.540925,1.901088757,880.7,15871.26,3615822751,28148478.87
12,13,100,4.70699884,0.237248,8.540925,1.827856042,882.68,16143.35,3671766012,27656547.51
12,14,100,4.87900356,1.067616,8.540925,1.94310344,884.13,16644,3766817675,26948904.61
12,15,100,5.05693951,0.948992,9.845789,1.959855723,885.63,17076.24,3850715583,26294232.95
13,1,100,3.06880187,0,7.710558,1.940175233,868.87,8036.67,1730968421,51905598.09
13,2,100,2.62514826,0,7.117438,1.726174734,865.13,9269.05,2055753559,47743192.95
13,3,100,2.7402135,0,6.642942,1.670506476,866.1,10059.59,2262374937,45133948.32
13,4,100,2.64531439,0,6.405694,1.654776447,865.3,10780.61,2445708412,42421635.95
13,5,100,3.12218269,0.237248,8.422301,1.85049997,869.32,11407.95,2603791419,39773221.4
13,6,100,3.18505337,0.237248,8.303677,1.765475757,869.85,11932.48,2730956603,38201122.63
13,7,100,3.4911032,0.237248,7.947805,1.735012187,872.43,12494.33,2867804918,36825427.24
13,8,100,3.65836299,0.355872,7.829181,1.707719035,873.84,13051.23,2998813257,35493792.53
13,9,100,3.73190983,0.355872,8.422301,1.73944389,874.46,13892.73,3193576484,32948317.9
13,10,100,4.05693948,0.355872,7.829181,1.818353696,877.2,14290.32,3277830522,32267592.05
13,11,100,4.15539739,0.237248,8.066429,1.819717572,878.03,14890.37,3405324340,30680869.12
13,12,100,4.32384346,0.474496,9.845789,1.933255979,879.45,15629.6,3565500384,29845275.75
13,13,100,4.71174375,0.355872,9.845789,2.049229776,882.72,16324.76,3700588905,28005539.6
13,14,100,4.85765126,0.474496,9.845789,2.113578494,883.95,16688.63,3775004360,27019248.15
13,15,100,4.92289447,0.237248,9.845789,1.875116924,884.5,17099.52,3841384572,26073595.98
14,1,100,3.17319097,0,9.252669,1.850768419,869.75,7876.18,1685987337,53698942.34
14,2,100,2.52669038,0,7.354686,1.801745136,864.3,9223.57,2032787885,47455134.83
14,3,100,2.76393833,0,7.591934,1.79605618,866.3,9932.24,2223329952,45547833.58
14,4,100,2.72004745,0,6.88019,1.774940853,865.93,10911.78,2465523749,42300455.75
14,5,100,2.85646505,0,7.236062,1.694765512,867.08,11404.89,2589578296,40547981.27
14,6,100,2.86239622,0.237248,6.405694,1.643066529,867.13,12135.77,2767444070,38394693.12
14,7,100,3.24792411,0.237248,6.998814,1.658489813,870.38,12615.2,2882672418,37160522.98
14,8,100,3.36892055,0.237248,6.761566,1.728753807,871.4,13200.27,3020410476,35054418.73
14,9,100,3.65124558,0,7.710558,1.894954006,873.78,13606.37,3116586400,33745836.81
14,10,100,3.74614469,0.237248,8.066429,1.8559685,874.58,14356.38,3282705631,32090235.43
14,11,100,3.87663108,0.474496,8.066429,1.76180918,875.68,14653.94,3346483982,31635510.02
14,12,100,4.31909849,0.711744,8.185053,1.81491848,879.41,15402.51,3496209713,29470390.05
14,13,100,4.68208783,1.660735,9.845789,1.773194365,882.47,15921.93,3600745352,28325090.79
14,14,100,4.91103206,0.118624,9.845789,2.063256629,884.4,16601.99,3730711883,27215458.93
14,15,100,4.74733097,0.237248,8.540925,1.805408235,883.02,16944.63,3795732203,26482062.7
15,1,100,2.89679718,0,9.252669,1.947379822,867.42,7919.9,1687137123,52061974.47
15,2,100,2.44839858,0,6.524318,1.739125154,863.64,9054.19,1985072373,48488611
15,3,100,2.74139974,0.237248,7.236062,1.7736303,866.11,10095.07,2249799028,44622557.75
15,4,100,2.68327402,0.237248,7.117438,1.637791936,865.62,10947.01,2461598465,42270296.25
15,5,100,2.85409259,0,6.761566,1.65411661,867.06,11559.68,2613868487,40008875.68
15,6,100,3.07473312,0,6.642942,1.577754967,868.92,11852.43,2691997579,38576829.95
15,7,100,3.28707004,0.237248,7.591934,1.709014848,870.71,12361.26,2812712591,37316605.57
15,8,100,3.11862397,0.355872,7.710558,1.747423421,869.29,12968.9,2956923678,35112559.45
15,9,100,3.37366548,0,7.591934,1.790017267,871.44,13659.14,3115407443,34322054.26
15,10,100,3.66666665,0.355872,7.47331,1.578602984,873.91,14064.68,3206755584,32613131.19
15,11,100,3.83155401,0.237248,10.201661,2.016607393,875.3,14906.25,3385405831,30880369.73
15,12,100,4.07829182,0.474496,8.066429,1.721154855,877.38,15369.99,3484088232,30073218.29
15,13,100,4.37010675,1.067616,8.778173,1.741754937,879.84,15897.86,3588688499,28992541.5
15,14,100,4.58244366,0.355872,8.896797,1.901399359,881.63,16599.3,3731100520,27296624.75
15,15,100,4.66192178,0.711744,9.845789,1.904972638,882.3,17003.3,3789615600,26335148.25
16,1,100,2.68683276,0,7.354686,1.825482316,865.65,7985.61,1693833831,52371000.21
16,2,100,2.41755638,0,6.88019,1.899239564,863.38,9232.76,2012299671,48097473.24
16,3,100,2.6417556,0,5.812574,1.670706786,865.27,10029.84,2226227437,45119406.52
16,4,100,2.45432981,0,6.998814,1.726507334,863.69,10847.27,2427508053,42602697.54
16,5,100,2.63107949,0,7.947805,1.635412238,865.18,11257.82,2536172779,40930986.23
16,6,100,2.80782916,0.118624,6.168446,1.643793001,866.67,12019,2720684913,38146748.78
16,7,100,3.16132858,0.237248,7.710558,1.834802102,869.65,12697.33,2879981743,37272918.01
16,8,100,3.18505341,0.237248,7.117438,1.682534806,869.85,13086.78,2968694009,35060199.09
16,9,100,3.38908658,0.355872,7.591934,1.841751758,871.57,13610.5,3096691666,34682293.96
16,10,100,3.81376037,0,8.540925,1.843689379,875.15,14211.11,3228216813,32852483.65
16,11,100,3.89205221,0.355872,8.066429,1.942740594,875.81,14517.9,3292151900,31402400
16,12,100,4.16014238,0.355872,8.422301,1.91589136,878.07,15360.88,3469605658,30135253.24
16,13,100,4.06524323,0.474496,8.066429,1.935054921,877.27,15525.78,3499209265,29814630.96
16,14,100,4.52787665,0.355872,8.778173,2.064017973,881.17,16375.39,3661603980,28362380.37
16,15,100,4.65599052,0.355872,8.540925,1.931122616,882.25,16941.87,3772328763,27427117.74
17,1,100,2.86239627,0,6.405694,1.792345043,867.13,7980.46,1680134580,53631293.71
17,2,100,2.62989323,0,7.710558,1.951526667,865.17,8907.75,1934115653,49411031.35
17,3,100,2.62989327,0,6.88019,1.72505452,865.17,10056.89,2218406426,45968364.3
17,4,100,2.44483986,0,6.524318,1.543621903,863.61,10724.11,2391149070,42794856.3
17,5,100,2.63819691,0.118624,8.540925,1.655860065,865.24,11514.69,2584485124,40886879.48
17,6,100,2.58837486,0,6.88019,1.652703336,864.82,11806.46,2660511593,39520155.35
17,7,100,2.93119812,0.237248,6.761566,1.604076854,867.71,12742.91,2878990989,36633008.43
17,8,100,3.06524321,0.118624,7.591934,1.648426902,868.84,13463.53,3044224379,35267480.23
17,9,100,3.11269278,0,8.303677,1.891616129,869.24,13712.66,3109554537,34103262.7
17,10,100,3.65124554,0.237248,7.947805,1.782717736,873.78,14187.42,3210446836,33166578.96
17,11,100,3.82443659,0.474496,8.422301,1.747978503,875.24,14835.34,3352453249,31010217.9
17,12,100,3.83274024,0.237248,8.540925,1.922293537,875.31,15202.04,3428597530,31007242.97
17,13,100,4.14827998,0.474496,9.489917,2.044047116,877.97,15848.32,3558115220,29217639.35
17,14,100,4.20996443,0.237248,7.947805,1.782232492,878.49,16456.9,3682759676,28633854.46
17,15,100,4.22182686,0.237248,9.845789,2.115844952,878.59,16817.34,3744399103,27548863.53
18,1,100,2.9062871,0,7.47331,1.895397978,867.5,7899.39,1658783146,52695010.45
18,2,100,2.49228943,0,7.710558,1.868586104,864.01,9017.68,1948443631,49296375.84
18,3,100,2.54448396,0,6.405694,1.661794241,864.45,9869.99,2170673520,45952706.3
18,4,100,2.61091342,0,6.761566,1.69969109,865.01,10640.69,2364125800,43533225.59
18,5,100,2.63819691,0,6.998814,1.63051523,865.24,11395.7,2547999146,40558030.27
18,6,100,2.87544487,0.118624,6.761566,1.780686475,867.24,11917.57,2677442872,38859107.58
18,7,100,2.79952552,0,6.405694,1.545564041,866.6,12466.51,2809130747,37977782.1
18,8,100,3.13997627,0,7.117438,1.647282753,869.47,13041.08,2940695851,35684019.23
18,9,100,3.27995256,0.237248,7.829181,1.601955923,870.65,13662.23,3084096538,34799188.84
18,10,100,3.35112689,0,8.066429,1.864693521,871.25,14261.46,3219657010,32784055.52
18,11,100,3.78884938,0.237248,8.540925,1.96819029,874.94,14614.97,3300342306,31720646.34
18,12,100,3.72123366,0.355872,7.947805,1.8733085,874.37,15213.87,3423860424,30560420.19
18,13,100,4.05100832,0.355872,8.540925,1.974935065,877.15,15827.2,3547180564,30297810.87
18,14,100,4.25385527,0.237248,8.066429,1.857181205,878.86,16216.77,3623166969,29012721.62
18,15,100,4.3807829,0.59312,8.540925,2.005777006,879.93,16683.22,3709668266,27920303.31
19,1,100,2.79478058,0,8.066429,1.858122277,866.56,7958.21,1663815160,53426416.97
19,2,100,2.44839861,0,6.524318,1.75588072,863.64,9024.8,1942105628,49011952.44
19,3,100,2.50177935,0,6.998814,1.698737505,864.09,9963.46,2182589637,45490420.03
19,4,100,2.40213526,0,6.88019,1.672876561,863.25,10550.92,2334931012,44243169.96
19,5,100,2.49940684,0,6.168446,1.595365835,864.07,11304.26,2522991061,41340173.13
19,6,100,2.55516019,0,6.405694,1.658030385,864.54,11941.31,2677681040,39824536.12
19,7,100,2.83036775,0.237248,7.117438,1.684615494,866.86,12640.82,2843444229,38007128.43
19,8,100,2.65599052,0.237248,6.524318,1.585144337,865.39,12879.71,2901883736,36567125.21
19,9,100,2.79833922,0.237248,6.642942,1.624399412,866.59,13606.56,3065974030,35042269.17
19,10,100,3.2135231,0.118624,7.710558,1.695974062,870.09,14254.92,3212983376,33288762.06
19,11,100,3.25385525,0.237248,7.47331,1.679649959,870.43,14489.06,3264467009,32332098.81
19,12,100,3.67734283,0.237248,8.303677,1.942836021,874,15329.53,3440616582,30955894.78
19,13,100,3.77105582,0.237248,9.845789,1.936555744,874.79,15608.56,3497146341,30532936.04
19,14,100,3.98220643,0.59312,9.252669,1.960551874,876.57,16096.52,3588665101,29029816.67
19,15,100,4.06049821,0.355872,8.303677,2.025142809,877.23,16497.25,3667686270,28695529.86
20,1,100,2.70462637,0,6.88019,1.82124355,865.8,7872.33,1637089667,52292145.37
20,2,100,2.32384345,0,7.947805,1.832222099,862.59,8942.58,1918442537,49280188.8
20,3,100,2.45670224,0,6.642942,1.58275734,863.71,9992.24,2180930844,45790200.31
20,4,100,2.21115071,0,6.405694,1.572958587,861.64,10637.83,2345978369,43162662.33
20,5,100,2.3606168,0,6.88019,1.598413952,862.9,11220.84,2494984983,41095882.97
20,6,100,2.33451961,0,5.575326,1.54417288,862.68,11586.41,2590206874,40059454.62
20,7,100,2.64412812,0,6.88019,1.715158325,865.29,12266.42,2749270098,38118725.61
20,8,100,2.84223021,0,6.88019,1.677419876,866.96,12815.47,2880367895,36676198.61
20,9,100,2.82325026,0.237248,7.710558,1.600058249,866.8,13494.85,3034501352,34322266.3
20,10,100,3.18505336,0.237248,8.185053,1.687932782,869.85,13907.39,3128448673,34289707.69
20,11,100,3.15065235,0.237248,8.066429,1.863316767,869.56,14425.16,3246449094,32634605.72
20,12,100,3.48517197,0.237248,7.354686,1.665929358,872.38,14857.61,3334007464,31563380.74
20,13,100,3.9537367,0.355872,9.845789,2.0265601,876.33,15474.99,3458141847,30614809.46
20,14,100,3.63582447,0.355872,9.845789,1.827116723,873.65,16100.72,3586219671,29526949.39
20,15,100,4.12692766,0.59312,8.185053,1.906150817,877.79,16671.25,3696570555,28495992.39
21,1,100,3.01542112,0,7.947805,2.00761325,868.42,7959.73,1648831654,52570249.59
21,2,100,2.37247925,0,6.168446,1.651466114,863,8773.02,1872930158,49221639.12
21,3,100,2.30130486,0,7.236062,1.624128591,862.4,9913.9,2153773937,46809012.75
21,4,100,2.31672596,0,5.931198,1.517298056,862.53,10431.69,2295226770,44170370.79
21,5,100,2.36654799,0,7.947805,1.760477053,862.95,11068.5,2454645817,41517766.11
21,6,100,2.37722419,0,5.812574,1.514716399,863.04,12045.27,2687193165,39287661.52
21,7,100,2.5338078,0,5.69395,1.487885134,864.36,12315.17,2756671936,38401275.67
21,8,100,2.81850537,0,7.236062,1.64526799,866.76,12876.21,2885006113,36255502.77
21,9,100,2.85053385,0.118624,7.47331,1.666754655,867.03,13691.86,3072682325,34441704.45
21,10,100,3.10201658,0.237248,8.540925,1.663418631,869.15,13912.39,3120956089,33772184.89
21,11,100,3.39857645,0.237248,7.947805,1.638103882,871.65,14472.76,3248737676,32903806.43
21,12,100,3.2597865,0.237248,7.354686,1.788600045,870.48,15060.78,3364806392,30884810.19
21,13,100,3.5848161,0.237248,8.066429,1.753779652,873.22,15364.27,3429532423,30861067.7
21,14,100,4.03202852,0.474496,8.066429,1.749553277,876.99,16125.48,3587253980,29306286.47
21,15,100,4.25741402,0.474496,9.845789,1.900893987,878.89,16495.18,3653338999,28616875.61
22,1,100,2.90154214,0,7.947805,1.794307929,867.46,7909.36,1635886249,52679895
22,2,100,2.30960855,0,6.642942,1.696339396,862.47,9076.45,1932917734,49270330.6
22,3,100,2.52906289,0,7.354686,1.668495493,864.32,9506.95,2060804779,46338705.55
22,4,100,2.21708183,0,8.066429,1.626200908,861.69,10408.78,2284713920,43955274.8
22,5,100,2.19454332,0,6.168446,1.567706895,861.5,11028.83,2440541341,41221638.17
22,6,100,2.39264531,0.237248,5.69395,1.499260761,863.17,11423.78,2543232725,39996479.96
22,7,100,2.71648868,0.118624,9.371293,1.690467576,865.9,12178.91,2719401728,38581011.23
22,8,100,2.80308422,0,8.540925,1.675532191,866.63,12738.71,2850134955,36501889.18
22,9,100,2.96322652,0,6.998814,1.572277081,867.98,13282.4,2977320659,35192134.23
22,10,100,3.20284697,0.237248,7.354686,1.780996247,870,13869.69,3105419395,34179604.14
22,11,100,3.15539736,0.237248,9.845789,1.645257638,869.6,14407.36,3225765674,32609725.34
22,12,100,3.39027285,0,8.896797,1.781728747,871.58,14734.19,3296139284,32130009.54
22,13,100,3.6844603,0.355872,7.354686,1.681727438,874.06,15114.34,3374825238,31211831.78
22,14,100,3.57888494,0.237248,7.591934,1.675311641,873.17,15897.84,3537187661,29586731.22
22,15,100,3.80901547,0.355872,8.540925,1.88806424,875.11,16167.56,3579997877,29515175.52
23,1,100,2.68683278,0,6.405694,1.892912228,865.65,8008.55,1650134670,53476491.93
23,2,100,2.3131674,0,7.47331,1.758144269,862.5,8828.26,1874125591,48666278.22
23,3,100,2.37841042,0,6.049822,1.638537682,863.05,9668.5,2091496152,45948525.24
23,4,100,2.27520761,0,6.88019,1.641571424,862.18,10475.19,2293535234,43882108.54
23,5,100,2.3618031,0,6.88019,1.546124475,862.91,11068.86,2444398572,42007816.68
23,6,100,2.22538557,0,6.049822,1.479896433,861.76,11528.56,2562115088,39880468.96
23,7,100,2.44009488,0,5.69395,1.586341839,863.57,12054.62,2690045699,38834157.45
23,8,100,2.6263345,0,6.761566,1.441449448,865.14,12791.8,2858889385,36206484.36
23,9,100,2.77698697,0,7.354686,1.694213152,866.41,13069.31,2926136906,36060053.56
23,10,100,3.07947804,0.355872,7.947805,1.624384078,868.96,13695.4,3065024963,33480787.68
23,11,100,3.04507713,0.237248,7.354686,1.622031677,868.67,14363.87,3215467049,32855191.29
23,12,100,3.53618024,0.237248,8.066429,1.731357816,872.81,15033.7,3358138834,31519449.83
23,13,100,3.44602607,0.355872,8.066429,1.665553418,872.05,15253.92,3398040549,30822262.72
23,14,100,3.91814946,0.355872,8.185053,1.744668672,876.03,15803.4,3510806662,30219886.29
23,15,100,4.16251483,0.237248,8.540925,1.830204099,878.09,16360.16,3619770005,29137712.97
24,1,100,3.18386721,0,7.591934,1.806961632,869.84,8077.62,1660935505,52806598.52
24,2,100,2.26809023,0,6.28707,1.705516921,862.12,8993,1901229033,49408211.04
24,3,100,2.16607355,0,7.47331,1.657704606,861.26,9487.28,2044006613,46567158.92
24,4,100,2.13167256,0,5.69395,1.454840658,860.97,10273.81,2243239044,44077298.42
24,5,100,2.41518385,0,7.591934,1.634728951,863.36,10804.4,2380890556,42506601.87
24,6,100,2.42586003,0,6.88019,1.683294919,863.45,11368.66,2522803477,41117705.49
24,7,100,2.48398575,0.237248,6.88019,1.578488129,863.94,12179,2715491412,38285031.7
24,8,100,2.35824437,0.237248,5.812574,1.361453933,862.88,12641.61,2822177309,37117591.52
24,9,100,2.69869515,0.237248,7.236062,1.654507958,865.75,13135.24,2938148685,36075219.8
24,10,100,2.8908659,0.237248,6.28707,1.470215632,867.37,14066.68,3145034206,33951911.45
24,11,100,3.08540927,0,7.591934,1.709280968,869.01,14371.65,3210142378,33363884.34
24,12,100,3.15895613,0.118624,7.354686,1.691153194,869.63,14907,3324338905,31541688.65
24,13,100,3.41992882,0.237248,7.354686,1.569116679,871.83,14888.28,3316152740,31872126.13
24,14,100,3.73902729,0.118624,7.47331,1.807414744,874.52,15553.29,3453878286,30158181.68
24,15,100,3.7935943,0.474496,8.066429,1.876062686,874.98,15858.77,3512470572,29860369.59
25,1,100,2.99406881,0,6.524318,1.817502897,868.24,8048.39,1648520752,52537652.31
25,2,100,2.42941876,0,7.591934,1.763147903,863.48,9043.86,1911088305,49212895.92
25,3,100,2.37485176,0,6.28707,1.616319117,863.02,9660.92,2078989864,47134992.75
25,4,100,2.4377224,0,6.28707,1.569417353,863.55,10284,2239933944,44693898.23
25,5,100,2.17793593,0,6.88019,1.606487458,861.36,10786.45,2374742101,42298234.87
25,6,100,2.51838672,0,6.88019,1.631799182,864.23,11500.49,2549067782,40300514.23
25,7,100,2.50415177,0.237248,6.998814,1.433129966,864.11,12022.56,2674520812,38236717.69
25,8,100,2.64294183,0,5.575326,1.440172826,865.28,12155.17,2712249651,37236204.99
25,9,100,2.76393828,0.355872,7.354686,1.646768765,866.3,13234.18,2959206418,35599758.72
25,10,100,2.99288257,0.237248,9.371293,1.870210237,868.23,13762.34,3078031994,34413161.78
25,11,100,3.08422301,0.237248,6.88019,1.464339827,869,14272.15,3188092302,33889788.37
25,12,100,3.32621588,0.118624,6.642942,1.454593047,871.04,14877.23,3317133446,32129431.96
25,13,100,3.50296559,0.237248,7.354686,1.752066687,872.53,14932.2,3325337450,32230228.21
25,14,100,3.70581258,0.59312,7.47331,1.595710281,874.24,15502.38,3438992125,31152762.68
25,15,100,3.68683276,0.355872,8.066429,1.73693018,874.08,15951.79,3528837123,29759738.81
26,1,100,2.88256227,0,6.88019,1.682376393,867.3,7983.72,1630272983,52708638.23
26,2,100,2.40213526,0,6.524318,1.760073336,863.25,8793.89,1849415832,49849114.48
26,3,100,1.97983398,0,7.354686,1.605086694,859.69,9748.09,2091376534,46680672.8
26,4,100,2.15421119,0,7.117438,1.597722038,861.16,10254.86,2227820981,44922767.94
26,5,100,2.39739029,0,6.88019,1.643294914,863.21,10735.65,2357489570,42504490.39
26,6,100,2.38552787,0,8.066429,1.56801464,863.11,11471.04,2537803330,40762712.96
26,7,100,2.65361799,0,6.642942,1.61576281,865.37,12037.74,2676277767,38842161.79
26,8,100,2.86832737,0.237248,7.354686,1.501375902,867.18,12451.69,2775427152,37824638.96
26,9,100,2.797153,0,7.354686,1.6248443,866.58,12952.59,2896228564,36159659.14
26,10,100,2.84341638,0,7.354686,1.546617153,866.97,13548.97,3025340245,34556055.01
26,11,100,3.16132856,0.118624,7.947805,1.698928241,869.65,14001.83,3124240859,33970228.75
26,12,100,3.41992887,0.237248,9.489917,1.749029991,871.83,14322.42,3193803969,32974427.37
26,13,100,3.43297748,0.237248,7.47331,1.652741247,871.94,15095.57,3359831976,32006496.34
26,14,100,3.6488731,0.355872,7.47331,1.66339687,873.76,15555.6,3452545266,31267424.49
26,15,100,4.01186238,0.237248,10.794781,1.79936756,876.82,15899.29,3517766139,30416359.37
27,1,100,3.22064051,0,6.761566,1.726151633,870.15,8200.61,1669379054,53421517.38
27,2,100,2.56702256,0,6.88019,1.580440928,864.64,8801.83,1846267089,49096396.75
27,3,100,2.22064053,0,5.575326,1.50333427,861.72,9465.14,2025287088,46313362.7
27,4,100,2.18979833,0,7.236062,1.375903652,861.46,10267.84,2228457345,44863131.04
27,5,100,2.32265715,0,8.659549,1.580320394,862.58,10624.9,2329603701,42266912.59
27,6,100,2.36536183,0,6.642942,1.631621937,862.94,11331.84,2504414096,41298557.68
27,7,100,2.71530248,0,7.354686,1.659784689,865.89,11668.61,2591443707,39302483.69
27,8,100,2.77461445,0,6.88019,1.530397734,866.39,12405.35,2764972560,37820873.13
27,9,100,3.05693949,0,7.47331,1.659010486,868.77,12956.4,2892118271,36025324.83
27,10,100,3.18979834,0.474496,6.405694,1.382239767,869.89,13263.15,2959505057,34880628.74
27,11,100,3.28706998,0,7.354686,1.642862391,870.71,13748.84,3073781551,34779896.43
27,12,100,3.42941877,0.237248,8.066429,1.774527644,871.91,14554.13,3238503144,32508182.22
27,13,100,3.59311982,0,9.845789,1.876692567,873.29,14970.15,3331285358,32454109.25
27,14,100,3.80664296,0.830368,7.710558,1.781083711,875.09,15321.42,3401408108,31473837.23
27,15,100,3.67022534,0.237248,9.845789,1.861752336,873.94,15989.93,3536624026,29706069.9
28,1,100,2.94661918,0,7.117438,1.710463498,867.84,7995.2,1623073808,52386328.16
28,2,100,2.48398578,0,6.761566,1.63475501,863.94,8842.36,1851872121,49412429.07
28,3,100,2.23131676,0,6.28707,1.628559171,861.81,9513.5,2033467148,47093065.65
28,4,100,2.43179125,0,6.524318,1.6122265,863.5,9951.05,2156175572,44688327.88
28,5,100,2.41399758,0,7.354686,1.619867502,863.35,10735.1,2349983648,42522383.24
28,6,100,2.39739031,0,7.710558,1.590729829,863.21,11234.97,2478400018,41263882.21
28,7,100,2.83867139,0,9.134045,1.653036578,866.93,11635.4,2581811292,39703546.9
28,8,100,2.75326217,0,7.117438,1.684976174,866.21,12285.15,2734445328,37641298.04
28,9,100,2.7603796,0,6.761566,1.478621918,866.27,12774.02,2850328013,36656298.87
28,10,100,2.945433,0.237248,7.117438,1.751060414,867.83,13156.14,2938594704,35673278.69
28,11,100,3.36536176,0.237248,7.354686,1.641075704,871.37,13662.31,3050573184,34295385.75
28,12,100,3.39976281,0.237248,7.710558,1.745626868,871.66,14073.92,3138114982,33238685.41
28,13,100,3.80664292,0.355872,7.47331,1.7091646,875.09,14834.8,3296931437,31604616.75
28,14,100,4.04151837,0.237248,8.185053,1.827496314,877.07,15265.12,3385972824,31837018.21
28,15,100,4.04982207,0.474496,8.185053,1.788007126,877.14,15729.27,3482460468,30586683.88
29,1,100,3.38315535,0,7.947805,1.848394154,871.52,8019.12,1623424665,53094713.17
29,2,100,2.82680904,0,7.117438,1.644916791,866.83,8885.17,1857973139,50451522.62
29,3,100,2.43060504,0,8.066429,1.639328568,863.49,9180.89,1958079306,46559137.38
29,4,100,2.26809015,0,6.761566,1.512590487,862.12,9956.03,2152970695,44878810.58
29,5,100,2.40450771,0,5.69395,1.374811814,863.27,10719.01,2344355880,42396499.97
29,6,100,2.35231314,0,6.88019,1.468900174,862.83,10910.22,2403497844,41066650.28
29,7,100,2.480427,0,6.88019,1.54013731,863.91,11688.99,2591476357,39130262.16
29,8,100,2.66785287,0,7.117438,1.686342209,865.49,12141.31,2699792229,37800844.85
29,9,100,2.8742586,0,6.761566,1.544538729,867.23,12333.1,2749789971,36621146.69
29,10,100,3.10676156,0.118624,9.845789,1.814730502,869.19,13200.11,2944357909,35551789.66
29,11,100,3.31909847,0.237248,8.066429,1.844969072,870.98,13739,3063670594,35191735.96
29,12,100,3.51008303,0.237248,7.947805,1.680989859,872.59,14216.52,3171615876,33619696.27
29,13,100,3.43653621,0.474496,7.236062,1.657347479,871.97,14643.93,3256300611,32292857.46
29,14,100,3.60972718,0.237248,7.47331,1.683453719,873.43,15002.37,3332178581,31930188.57
29,15,100,3.92526691,0.237248,7.591934,1.730405285,876.09,15703.42,3474790647,30332640.9
30,1,100,3.22301307,0,6.88019,1.701075313,870.17,8003.42,1614135050,53322739.73
30,2,100,2.63701067,0,6.642942,1.521358249,865.23,8882.89,1853920857,49477067.79
30,3,100,2.40213522,0,8.066429,1.69633266,863.25,9397.16,2001022306,47324178.35
30,4,100,2.4578885,0,6.524318,1.563128865,863.72,10178.31,2198297015,44703561.45
30,5,100,2.28351126,0,5.931198,1.261201331,862.25,10525.15,2298089511,43092762.8
30,6,100,2.48754447,0,7.710558,1.466033187,863.97,11246.31,2475938723,41679999.91
30,7,100,2.78054568,0,7.354686,1.700596088,866.44,11571.87,2562434917,39581173.4
30,8,100,2.64294189,0,6.88019,1.578241392,865.28,11899.34,2647363506,38195507.03
30,9,100,2.96322657,0,6.88019,1.74577014,867.98,12719.8,2834621038,36756516.12
30,10,100,3.03795966,0.118624,7.354686,1.713549941,868.61,12966.77,2893830384,36088969.8
30,11,100,3.48279951,0.237248,7.47331,1.749880234,872.36,13557.3,3024108973,34393851.68
30,12,100,3.71648875,0.711744,7.47331,1.658084869,874.33,14258.07,3178008099,33136111.8
30,13,100,3.56820877,0,9.489917,1.775135104,873.08,14649.12,3256019393,32495950.24
30,14,100,4.12336891,0.59312,7.947805,1.684033242,877.76,15314.96,3396418411,31353079.36
30,15,100,4.29655987,0.59312,9.489917,1.780803164,879.22,15614.3,3456120389,31184112.14
