tenure1,tenure2,runs,mean_gap,min_gap,median_gap,std_gap,mean_iterations,mean_candidates,mean_feasibility,file
10,10,100,3.42926829,0.97561,3.414634,1.214733159,29236.52,1788328857,25988133.72,E100_1000.1_r50_lk_ts_t10_t10_ite10.res
10,11,100,3.62560981,0.731707,3.597561,1.361289942,30590.59,1846095470,25094986.88,E100_1000.1_r50_lk_ts_t10_t11_ite10.res
10,12,100,3.8085366,1.097561,3.780488,1.270296946,32614.76,1919492725,24100267.78,E100_1000.1_r50_lk_ts_t10_t12_ite10.res
10,13,100,3.97804882,0.853659,4.02439,1.412834091,34236.5,1972149906,23454022.51,E100_1000.1_r50_lk_ts_t10_t13_ite10.res
10,14,100,3.95,1.097561,3.902439,1.351214872,35656.28,2008429424,22701392.08,E100_1000.1_r50_lk_ts_t10_t14_ite10.res
10,15,100,4.36341465,1.097561,4.268293,1.629668838,37758.76,2062535983,21641101.53,E100_1000.1_r50_lk_ts_t10_t15_ite10.res
10,16,100,4.40731708,1.097561,4.268293,1.582569957,38843.56,2061478286,20813649.03,E100_1000.1_r50_lk_ts_t10_t16_ite10.res
10,17,100,4.35365856,1.097561,4.390244,1.520356801,40728.22,2117215633,20929353.91,E100_1000.1_r50_lk_ts_t10_t17_ite10.res
10,18,100,4.47073173,1.097561,4.390244,1.720745749,42142.62,2142174474,19877463.83,E100_1000.1_r50_lk_ts_t10_t18_ite10.res
10,19,100,4.5487805,1.097561,4.634146,1.560438475,44100.98,2173511773,19595379.76,E100_1000.1_r50_lk_ts_t10_t19_ite10.res
10,1,100,3.51341463,1.097561,3.292683,1.180160164,13682.66,912984592.8,49267486.98,E100_1000.1_r50_lk_ts_t10_t1_ite10.res
10,20,100,4.57317074,1.097561,4.512195,1.647994465,45616.77,2187465994,19061690.77,E100_1000.1_r50_lk_ts_t10_t20_ite10.res
10,21,100,4.83170732,1.097561,4.756098,1.889242658,47378.97,2202972272,18679604.75,E100_1000.1_r50_lk_ts_t10_t21_ite10.res
10,22,100,4.90487808,1.097561,4.756098,1.897953325,49337.57,2233783475,18254299.16,E100_1000.1_r50_lk_ts_t10_t22_ite10.res
10,23,100,4.86951222,1.097561,4.756098,1.871946467,51329.4,2249599458,17648106.86,E100_1000.1_r50_lk_ts_t10_t23_ite10.res
10,24,100,4.92682929,1.097561,4.8170735,1.903597823,52449.5,2239719881,17773285.7,E100_1000.1_r50_lk_ts_t10_t24_ite10.res
10,25,100,4.98048782,1.097561,4.878049,1.960338374,54735.67,2246073523,17369070.76,E100_1000.1_r50_lk_ts_t10_t25_ite10.res
10,26,100,5.00731709,1.097561,4.878049,1.996112928,56965.37,2263684205,16760895.82,E100_1000.1_r50_lk_ts_t10_t26_ite10.res
10,27,100,4.96829269,1.097561,4.878049,1.968436888,60501.13,2263400130,16217418.34,E100_1000.1_r50_lk_ts_t10_t27_ite10.res
10,28,100,4.96219513,1.097561,4.878049,1.949116167,62943.88,2269887699,15929943.25,E100_1000.1_r50_lk_ts_t10_t28_ite10.res
10,29,100,4.95731709,1.097561,4.8170735,1.949014429,65125.99,2255217228,15606388.48,E100_1000.1_r50_lk_ts_t10_t29_ite10.res
10,2,100,3.24756097,0.243902,3.292683,1.120205852,15406.94,1039351014,42780905.26,E100_1000.1_r50_lk_ts_t10_t2_ite10.res
10,30,100,5.01463416,1.097561,4.878049,2.025804117,68186.22,2262158477,15187478.46,E100_1000.1_r50_lk_ts_t10_t30_ite10.res
10,3,100,2.80365854,0.365854,2.682927,0.9833540996,17300.03,1166333052,38568373.66,E100_1000.1_r50_lk_ts_t10_t3_ite10.res
10,4,100,2.74999999,0.243902,2.926829,1.047398067,19007.81,1276591970,35647560.82,E100_1000.1_r50_lk_ts_t10_t4_ite10.res
10,5,100,3.13048783,0.487805,3.04878,1.223822795,20877.44,1387763933,33664102.93,E100_1000.1_r50_lk_ts_t10_t5_ite10.res
10,6,100,3.07560973,0.487805,3.04878,1.175681964,21502.52,1415405880,31339760.57,E100_1000.1_r50_lk_ts_t10_t6_ite10.res
10,7,100,3.37439026,1.097561,3.414634,1.214952674,23784.88,1543917987,30863168.82,E100_1000.1_r50_lk_ts_t10_t7_ite10.res
10,8,100,3.41463412,1.097561,3.414634,1.239670756,25021.66,1600875346,28790177.43,E100_1000.1_r50_lk_ts_t10_t8_ite10.res
10,9,100,3.37926832,0.853659,3.3536585,1.225691976,27051.72,1693988056,27041948.33,E100_1000.1_r50_lk_ts_t10_t9_ite10.res
11,10,100,3.37804877,0.97561,3.536585,1.17707639,28711.36,1763068825,26177828.44,E100_1000.1_r50_lk_ts_t11_t10_ite10.res
11,11,100,3.51219511,0.609756,3.597561,1.212594311,30936.53,1848285830,24863868.22,E100_1000.1_r50_lk_ts_t11_t11_ite10.res
11,12,100,3.77804881,0.97561,3.902439,1.373170035,31966.37,1884612419,24639648.2,E100_1000.1_r50_lk_ts_t11_t12_ite10.res
11,13,100,3.94390245,1.097561,3.902439,1.38972516,33447.31,1935622646,24159429.96,E100_1000.1_r50_lk_ts_t11_t13_ite10.res
11,14,100,3.98170733,1.097561,3.902439,1.395136132,35257.21,1984608307,22900629.24,E100_1000.1_r50_lk_ts_t11_t14_ite10.res
11,15,100,4.17804879,1.097561,4.02439,1.517401564,37559.39,2052767599,21795832.78,E100_1000.1_r50_lk_ts_t11_t15_ite10.res
11,16,100,4.32682929,1.097561,4.207317,1.65036097,39038.67,2081536307,21557058.77,E100_1000.1_r50_lk_ts_t11_t16_ite10.res
11,17,100,4.40731713,0.97561,4.390244,1.559621943,39939.58,2087305107,20966048.18,E100_1000.1_r50_lk_ts_t11_t17_ite10.res
11,18,53,4.33041883,1.219512,4.390244,1.558735548,41327.30189,2111676288,20220521.23,E100_1000.1_r50_lk_ts_t11_t18_ite10.res
11,1,100,3.34512195,1.097561,3.292683,0.9717920621,13452.63,891432388.2,48871018.06,E100_1000.1_r50_lk_ts_t11_t1_ite10.res
11,2,100,2.9939024,0.121951,2.9878045,1.147723773,15416.78,1032952995,43233890.05,E100_1000.1_r50_lk_ts_t11_t2_ite10.res
11,3,100,3.03414637,0.243902,3.109756,1.179852767,17317.51,1161946543,39779893.54,E100_1000.1_r50_lk_ts_t11_t3_ite10.res
11,4,100,2.70121951,0.609756,2.804878,1.020961032,19051.96,1271076837,36010870.9,E100_1000.1_r50_lk_ts_t11_t4_ite10.res
11,5,100,2.97560973,0.121951,2.926829,1.196757334,21291.17,1408693587,33313008.71,E100_1000.1_r50_lk_ts_t11_t5_ite10.res
11,6,100,2.89268291,0,2.926829,1.147946913,22293.75,1459733545,32141113.3,E100_1000.1_r50_lk_ts_t11_t6_ite10.res
11,7,100,3.05000001,0.365854,3.170732,1.178988527,23722.86,1529585192,30142295.41,E100_1000.1_r50_lk_ts_t11_t7_ite10.res
11,8,100,3.24512189,1.097561,3.414634,1.083980853,25463.94,1617194294,28913633.32,E100_1000.1_r50_lk_ts_t11_t8_ite10.res
11,9,100,3.22682927,0.97561,3.2317075,1.120040262,26864.74,1679784365,27795924.9,E100_1000.1_r50_lk_ts_t11_t9_ite10.res
13,10,100,3.15243904,0.609756,3.292683,1.115599326,28581.64,1745406669,25945459.34,E100_1000.1_r50_lk_ts_t13_t10_ite10.res
13,11,100,3.29878051,0.243902,3.292683,1.29912293,30423.53,1816903737,24795572.05,E100_1000.1_r50_lk_ts_t13_t11_ite10.res
13,12,100,3.57804882,0.853659,3.536585,1.320551901,31970.91,1869839335,24232521.84,E100_1000.1_r50_lk_ts_t13_t12_ite10.res
13,13,100,3.55609761,1.097561,3.536585,1.30734687,33779.42,1939533561,23330718.08,E100_1000.1_r50_lk_ts_t13_t13_ite10.res
13,14,100,3.9268293,1.097561,3.780488,1.463209319,34932.85,1960995219,22620816.66,E100_1000.1_r50_lk_ts_t13_t14_ite10.res
13,15,100,4.03780489,1.097561,3.902439,1.370642276,37057.96,2039661898,22214227.85,E100_1000.1_r50_lk_ts_t13_t15_ite10.res
13,16,100,4.10243909,1.097561,4.02439,1.330445912,37898.65,2031634224,21444447.16,E100_1000.1_r50_lk_ts_t13_t16_ite10.res
13,17,100,4.27926832,1.097561,4.207317,1.481583749,40075.52,2092712875,20808131.33,E100_1000.1_r50_lk_ts_t13_t17_ite10.res
13,18,100,4.26585368,0.243902,4.268293,1.488350022,41709.87,2129770110,20367048.98,E100_1000.1_r50_lk_ts_t13_t18_ite10.res
13,19,100,4.47439029,0.365854,4.4512195,1.663255636,43380.44,2140718285,19487671.9,E100_1000.1_r50_lk_ts_t13_t19_ite10.res
13,1,100,3.32804881,1.097561,3.292683,1.040768019,13387.52,877204903.1,51567712.09,E100_1000.1_r50_lk_ts_t13_t1_ite10.res
13,20,100,4.6878049,1.097561,4.695122,1.699761563,45789.37,2189063598,19206157.15,E100_1000.1_r50_lk_ts_t13_t20_ite10.res
13,21,100,4.54146346,1.097561,4.5731705,1.662842394,47113.76,2191284548,18898090,E100_1000.1_r50_lk_ts_t13_t21_ite10.res
13,22,100,4.74024394,1.097561,4.695122,1.761507141,48947.01,2193898663,18183029.48,E100_1000.1_r50_lk_ts_t13_t22_ite10.res
13,23,100,5.00487808,1.097561,4.878049,1.992429436,51281.04,2213059977,17825790.82,E100_1000.1_r50_lk_ts_t13_t23_ite10.res
13,24,100,4.81951221,1.097561,4.756098,1.879093151,53541.33,2223752809,17370291.94,E100_1000.1_r50_lk_ts_t13_t24_ite10.res
13,25,100,4.93292687,1.097561,4.756098,1.956015821,56925.95,2249364744,16667162.52,E100_1000.1_r50_lk_ts_t13_t25_ite10.res
13,26,100,4.91463417,1.097561,4.8170735,1.870762035,58113.07,2233641025,16496009.28,E100_1000.1_r50_lk_ts_t13_t26_ite10.res
13,27,100,5.02926832,1.097561,4.878049,2.019181657,60986.7,2258295278,16023728.95,E100_1000.1_r50_lk_ts_t13_t27_ite10.res
13,28,100,5.00487808,1.097561,4.878049,1.981087614,62404.42,2257037285,15909343.67,E100_1000.1_r50_lk_ts_t13_t28_ite10.res
13,29,100,4.96585369,1.097561,4.8170735,1.946523664,64695.28,2270140460,15731615.18,E100_1000.1_r50_lk_ts_t13_t29_ite10.res
13,2,100,2.97317072,0.243902,3.04878,1.028350839,15683.28,1039724522,44016777.81,E100_1000.1_r50_lk_ts_t13_t2_ite10.res
13,30,100,5.07560979,1.097561,4.9390245,2.048846483,67116.98,2276548574,15337928.44,E100_1000.1_r50_lk_ts_t13_t30_ite10.res
13,3,100,2.68780492,0.365854,2.682927,0.8737335912,17374.65,1152241559,39084389.86,E100_1000.1_r50_lk_ts_t13_t3_ite10.res
13,4,100,2.73414636,0,2.8658535,1.161231174,19079.49,1259535230,35758511.58,E100_1000.1_r50_lk_ts_t13_t4_ite10.res
13,5,100,2.88292682,0.121951,2.926829,1.115888128,20801.89,1358379413,33802598.26,E100_1000.1_r50_lk_ts_t13_t5_ite10.res
13,6,100,2.80487805,0.609756,2.804878,1.10077272,22724.48,1470881104,31729042.18,E100_1000.1_r50_lk_ts_t13_t6_ite10.res
13,7,100,2.94999998,0.609756,2.926829,1.171600689,24039.26,1536209887,29747003.58,E100_1000.1_r50_lk_ts_t13_t7_ite10.res
13,8,100,3.03292682,0.731707,3.04878,1.081172291,25945.79,1636448937,28788598.51,E100_1000.1_r50_lk_ts_t13_t8_ite10.res
13,9,100,3.18292681,0.243902,3.170732,1.076834716,27157.68,1687014860,27638656.1,E100_1000.1_r50_lk_ts_t13_t9_ite10.res
14,10,100,3.07926829,0.121951,3.04878,1.222019442,28453.4,1730005904,26347287.37,E100_1000.1_r50_lk_ts_t14_t10_ite10.res
14,11,100,3.345122,0.243902,3.292683,1.192891937,30080.89,1791284793,25006408.6,E100_1000.1_r50_lk_ts_t14_t11_ite10.res
14,12,100,3.41341464,0,3.292683,1.35760358,31360.09,1835965780,24223446.77,E100_1000.1_r50_lk_ts_t14_t12_ite10.res
14,13,100,3.55975613,0.731707,3.597561,1.325374974,33631.99,1926193671,23562859.68,E100_1000.1_r50_lk_ts_t14_t13_ite10.res
14,14,100,3.8085366,0.121951,3.780488,1.456093112,35611.53,1989267358,22666960.5,E100_1000.1_r50_lk_ts_t14_t14_ite10.res
14,15,100,3.97926828,0.731707,3.902439,1.394196898,37098.84,2039256269,22112587.76,E100_1000.1_r50_lk_ts_t14_t15_ite10.res
14,16,100,4.12560976,0.97561,4.02439,1.510399448,37889.12,2044283596,21786733.98,E100_1000.1_r50_lk_ts_t14_t16_ite10.res
14,17,100,4.12317077,1.097561,4.0853655,1.370291499,39226.2,2060305411,21157246.47,E100_1000.1_r50_lk_ts_t14_t17_ite10.res
14,18,53,4.194661774,1.219512,4.02439,1.515327572,40268.60377,2065881208,20536840.68,E100_1000.1_r50_lk_ts_t14_t18_ite10.res
14,1,100,3.2280488,1.097561,3.292683,0.8485318882,13605.54,886367712.6,51446818.69,E100_1000.1_r50_lk_ts_t14_t1_ite10.res
14,2,100,2.89024391,0.731707,2.804878,0.9333511683,15730.38,1036266298,43176492.54,E100_1000.1_r50_lk_ts_t14_t2_ite10.res
14,3,100,2.76951219,0.121951,2.8658535,0.9906294991,18109.59,1193197550,38447014.99,E100_1000.1_r50_lk_ts_t14_t3_ite10.res
14,4,100,2.55243904,0.121951,2.6219515,1.017405836,18977.8,1246518253,35295274.27,E100_1000.1_r50_lk_ts_t14_t4_ite10.res
14,5,100,2.75243901,0.121951,2.804878,1.094649278,20812.88,1354787105,33055671.01,E100_1000.1_r50_lk_ts_t14_t5_ite10.res
14,6,100,2.65731705,0,2.7439025,1.023887833,22057.23,1423396703,31859674.3,E100_1000.1_r50_lk_ts_t14_t6_ite10.res
14,7,100,2.84146339,0.731707,2.926829,1.00331741,23712.13,1510854893,29697511.72,E100_1000.1_r50_lk_ts_t14_t7_ite10.res
14,8,100,2.84634145,0.365854,2.926829,1.087899182,25546.56,1602207480,28494181.51,E100_1000.1_r50_lk_ts_t14_t8_ite10.res
14,9,100,2.99512196,0.121951,3.04878,1.087360557,27269.51,1684170105,26934481.25,E100_1000.1_r50_lk_ts_t14_t9_ite10.res
16,10,100,3.24634147,0.731707,3.2317075,1.121160953,28383.62,1704423774,25655132.56,E100_1000.1_r50_lk_ts_t16_t10_ite10.res
16,11,100,3.51341464,0.731707,3.536585,1.30008467,30424.65,1794790966,24650142.14,E100_1000.1_r50_lk_ts_t16_t11_ite10.res
16,12,100,3.32804878,0.609756,3.414634,1.294944149,31328.72,1821396348,24042972.02,E100_1000.1_r50_lk_ts_t16_t12_ite10.res
16,13,100,3.55731707,0.731707,3.414634,1.346443647,33355.94,1897609496,23649136.7,E100_1000.1_r50_lk_ts_t16_t13_ite10.res
16,14,100,4.01829269,0.853659,4.02439,1.394274418,35298.67,1955979934,22515987.29,E100_1000.1_r50_lk_ts_t16_t14_ite10.res
16,15,100,3.87560977,0.243902,3.8414635,1.471050534,35995.36,1950975767,22080103.4,E100_1000.1_r50_lk_ts_t16_t15_ite10.res
16,16,100,4.08170733,1.097561,4.0853655,1.426450209,38603.14,2036773589,21074556.85,E100_1000.1_r50_lk_ts_t16_t16_ite10.res
16,17,100,4.32439028,1.097561,4.3292685,1.489504225,39511.49,2049962752,20705961.88,E100_1000.1_r50_lk_ts_t16_t17_ite10.res
16,18,100,4.24024391,1.097561,4.268293,1.418042493,41048.06,2080913823,20036844.53,E100_1000.1_r50_lk_ts_t16_t18_ite10.res
16,19,100,4.58658539,1.097561,4.634146,1.611249918,43076.5,2106598673,19732101.65,E100_1000.1_r50_lk_ts_t16_t19_ite10.res
16,1,100,3.11463412,1.097561,3.170732,0.934464308,13424.53,866796259.1,50977066.46,E100_1000.1_r50_lk_ts_t16_t1_ite10.res
16,20,100,4.46951221,1.097561,4.4512195,1.597718924,44805.64,2131596476,19126236.68,E100_1000.1_r50_lk_ts_t16_t20_ite10.res
16,21,100,4.68902443,1.097561,4.756098,1.746409081,47182.76,2155650063,18526526,E100_1000.1_r50_lk_ts_t16_t21_ite10.res
16,22,100,4.87195124,1.097561,4.756098,1.90149557,49518.63,2164685853,17914785.62,E100_1000.1_r50_lk_ts_t16_t22_ite10.res
16,23,100,4.87439027,1.097561,4.756098,1.896201317,51859.07,2207374273,17543260.07,E100_1000.1_r50_lk_ts_t16_t23_ite10.res
16,24,100,4.8378049,1.097561,4.756098,1.94675324,52585.02,2190511650,17219505.05,E100_1000.1_r50_lk_ts_t16_t24_ite10.res
16,25,100,4.95000002,1.097561,4.756098,1.95775996,55359.97,2228933050,16753934.91,E100_1000.1_r50_lk_ts_t16_t25_ite10.res
16,26,100,4.8292683,1.097561,4.756098,1.826761824,57400.17,2248965626,16644553.22,E100_1000.1_r50_lk_ts_t16_t26_ite10.res
16,27,100,5.00000002,1.097561,4.8170735,2.055085392,58532.42,2256500815,16424833.78,E100_1000.1_r50_lk_ts_t16_t27_ite10.res
16,28,100,4.9963415,1.097561,4.8170735,2.024927072,60096.95,2270102992,16185844.15,E100_1000.1_r50_lk_ts_t16_t28_ite10.res
16,29,100,5.00121954,1.097561,4.8170735,2.017050893,61175.01,2266073436,16074838.71,E100_1000.1_r50_lk_ts_t16_t29_ite10.res
16,2,100,2.77804879,0.487805,2.804878,0.9667278238,15909.2,1037599662,43390269.99,E100_1000.1_r50_lk_ts_t16_t2_ite10.res
16,30,100,5.11341467,1.097561,4.9390245,2.114123519,62131.82,2252781810,15781025.41,E100_1000.1_r50_lk_ts_t16_t30_ite10.res
16,3,100,2.62926829,0.243902,2.560976,0.9424520673,17778.34,1160228601,38293418.15,E100_1000.1_r50_lk_ts_t16_t3_ite10.res
16,4,100,2.46341462,0.121951,2.439024,1.008171809,19058.11,1237391062,34772473.44,E100_1000.1_r50_lk_ts_t16_t4_ite10.res
16,5,100,2.61829269,0.487805,2.682927,1.003310654,20931.4,1347106618,32475100.32,E100_1000.1_r50_lk_ts_t16_t5_ite10.res
16,6,100,2.6560976,0.365854,2.7439025,0.9304624719,22524.23,1438411570,30818321.31,E100_1000.1_r50_lk_ts_t16_t6_ite10.res
16,7,100,2.78414633,0,2.926829,1.062305737,24101.04,1515595868,28937305.95,E100_1000.1_r50_lk_ts_t16_t7_ite10.res
16,8,100,2.93780491,0.609756,3.04878,1.120935179,25475.69,1582311838,27975790.15,E100_1000.1_r50_lk_ts_t16_t8_ite10.res
16,9,100,3.01829271,0.853659,2.9878045,1.122311936,26503.92,1621102057,26977073.37,E100_1000.1_r50_lk_ts_t16_t9_ite10.res
17,10,100,3.30487807,0.97561,3.292683,1.322061697,28323.75,1698181001,25711107.86,E100_1000.1_r50_lk_ts_t17_t10_ite10.res
17,11,100,3.30243899,0.731707,3.2317075,1.269329829,30324.82,1786069484,24936054.99,E100_1000.1_r50_lk_ts_t17_t11_ite10.res
17,12,100,3.57804881,0.97561,3.414634,1.234962476,31452.18,1815203558,23920834.69,E100_1000.1_r50_lk_ts_t17_t12_ite10.res
17,13,100,3.61707318,1.097561,3.658537,1.279295881,33198.83,1865525610,23018726.41,E100_1000.1_r50_lk_ts_t17_t13_ite10.res
17,14,100,3.78414639,1.097561,3.780488,1.358041627,34313.16,1896265524,22585867.4,E100_1000.1_r50_lk_ts_t17_t14_ite10.res
17,15,100,3.94634149,0.609756,3.9634145,1.362466333,36463.56,1968276047,21892755.93,E100_1000.1_r50_lk_ts_t17_t15_ite10.res
17,16,100,4.10243903,1.097561,4.02439,1.444353175,37206.65,1961608662,21377567.85,E100_1000.1_r50_lk_ts_t17_t16_ite10.res
17,17,100,4.23414637,1.097561,4.268293,1.405189734,39602.05,2031202846,20510654.69,E100_1000.1_r50_lk_ts_t17_t17_ite10.res
17,18,52,4.289399654,1.219512,4.4512195,1.44208124,40723.76923,2051060531,20350160.08,E100_1000.1_r50_lk_ts_t17_t18_ite10.res
17,1,100,3.31951218,1.097561,3.292683,0.8989297859,13421.32,863659842.9,51130841.83,E100_1000.1_r50_lk_ts_t17_t1_ite10.res
17,2,100,2.62439023,0,2.682927,0.9968553284,15921.34,1034560070,42922177.1,E100_1000.1_r50_lk_ts_t17_t2_ite10.res
17,3,100,2.53170733,0.121951,2.6219515,0.9229310528,17735.05,1152996812,38323607.53,E100_1000.1_r50_lk_ts_t17_t3_ite10.res
17,4,100,2.66097561,0.853659,2.804878,0.8119689796,20149.06,1302043835,35452424.92,E100_1000.1_r50_lk_ts_t17_t4_ite10.res
17,5,100,2.73048776,0.243902,2.926829,1.027490752,21023.91,1350515166,32564625.55,E100_1000.1_r50_lk_ts_t17_t5_ite10.res
17,6,100,2.69756096,0,2.8658535,0.9480081667,22234.81,1413665487,30371642.67,E100_1000.1_r50_lk_ts_t17_t6_ite10.res
17,7,100,2.82317074,0.609756,2.926829,1.026244338,23802.97,1495813001,29222433.07,E100_1000.1_r50_lk_ts_t17_t7_ite10.res
17,8,100,2.96341463,0.121951,3.04878,1.158941721,25198.34,1562455210,27827849.34,E100_1000.1_r50_lk_ts_t17_t8_ite10.res
17,9,100,2.89634146,0.731707,2.8658535,1.166032956,26455.58,1614328898,26972740.3,E100_1000.1_r50_lk_ts_t17_t9_ite10.res
19,10,100,3.28536589,0.97561,3.292683,1.130905167,28013.66,1666242760,25524256.37,E100_1000.1_r50_lk_ts_t19_t10_ite10.res
19,11,100,3.63048782,1.097561,3.597561,1.23016474,29656.14,1735444689,24681601.29,E100_1000.1_r50_lk_ts_t19_t11_ite10.res
19,12,100,3.56463417,0.97561,3.597561,1.26603252,31001.57,1774635107,23866314.14,E100_1000.1_r50_lk_ts_t19_t12_ite10.res
19,13,100,3.85121952,1.097561,3.780488,1.397589551,32985.51,1847818299,22894779.89,E100_1000.1_r50_lk_ts_t19_t13_ite10.res
19,14,100,3.91585367,1.097561,3.902439,1.31321409,34305.46,1876840492,22419663.28,E100_1000.1_r50_lk_ts_t19_t14_ite10.res
19,15,100,4.18902439,0.609756,4.3292685,1.467962788,36383.35,1938579102,21610711.49,E100_1000.1_r50_lk_ts_t19_t15_ite10.res
19,16,100,4.20365854,1.097561,4.146341,1.432859848,37470.9,1960137100,21085792.96,E100_1000.1_r50_lk_ts_t19_t16_ite10.res
19,17,100,4.30243904,1.097561,4.390244,1.430302048,39412.87,2010197484,20581614.7,E100_1000.1_r50_lk_ts_t19_t17_ite10.res
19,18,100,4.45609758,0,4.4512195,1.643240254,41341.48,2060314614,20100553.59,E100_1000.1_r50_lk_ts_t19_t18_ite10.res
19,19,100,4.52317077,1.097561,4.512195,1.626486909,42565.27,2067596925,19514721.66,E100_1000.1_r50_lk_ts_t19_t19_ite10.res
19,1,100,3.24878048,0.609756,3.3536585,0.9761515894,13687.39,873639429.5,50544720.1,E100_1000.1_r50_lk_ts_t19_t1_ite10.res
19,20,100,4.63902442,1.097561,4.756098,1.636966058,43796.46,2085445222,19214202.97,E100_1000.1_r50_lk_ts_t19_t20_ite10.res
19,21,100,4.64512195,1.097561,4.756098,1.639458012,45805.67,2132706753,18692944.82,E100_1000.1_r50_lk_ts_t19_t21_ite10.res
19,22,100,4.80121953,1.097561,4.756098,1.811290063,47064.25,2148326807,18360104.08,E100_1000.1_r50_lk_ts_t19_t22_ite10.res
19,23,100,4.90000001,1.097561,4.756098,1.956630511,48663.76,2165792861,18041332.57,E100_1000.1_r50_lk_ts_t19_t23_ite10.res
19,24,100,4.96951223,1.097561,4.8170735,1.96436926,49929.57,2180412362,17693447.61,E100_1000.1_r50_lk_ts_t19_t24_ite10.res
19,25,100,4.93536589,1.097561,4.8170735,1.913001468,51441.69,2208810974,17520835.99,E100_1000.1_r50_lk_ts_t19_t25_ite10.res
19,26,100,4.88780491,1.097561,4.756098,1.946029681,53013.92,2228061682,17118631.81,E100_1000.1_r50_lk_ts_t19_t26_ite10.res
19,27,100,5.06951223,1.097561,4.878049,2.085146855,54404.02,2257076941,16933293.72,E100_1000.1_r50_lk_ts_t19_t27_ite10.res
19,28,100,4.93780491,1.097561,4.8170735,1.999472273,55386.26,2252635553,16772004.34,E100_1000.1_r50_lk_ts_t19_t28_ite10.res
19,29,100,5.0865854,1.097561,4.9390245,2.085509929,55864.02,2239042430,16603900.49,E100_1000.1_r50_lk_ts_t19_t29_ite10.res
19,2,100,2.7585366,0.487805,2.804878,0.7820759705,15885.61,1025995019,42936980.86,E100_1000.1_r50_lk_ts_t19_t2_ite10.res
19,30,100,5.08536589,1.097561,4.9390245,2.085020415,57510.39,2263925105,16262373.92,E100_1000.1_r50_lk_ts_t19_t30_ite10.res
19,3,100,2.60365853,0.121951,2.682927,0.838903023,17649.69,1140517219,38430967.99,E100_1000.1_r50_lk_ts_t19_t3_ite10.res
19,4,100,2.6060976,0.243902,2.560976,0.9810844938,19976.64,1281238739,34449106.84,E100_1000.1_r50_lk_ts_t19_t4_ite10.res
19,5,100,2.65609759,0.243902,2.8658535,0.995965903,20870.4,1333222474,32382906,E100_1000.1_r50_lk_ts_t19_t5_ite10.res
19,6,100,2.73536585,0.487805,2.7439025,0.9721011429,22598.09,1426785220,30611395.38,E100_1000.1_r50_lk_ts_t19_t6_ite10.res
19,7,100,3.0512195,0.731707,3.04878,1.010103998,23226.51,1450853102,29036478.71,E100_1000.1_r50_lk_ts_t19_t7_ite10.res
19,8,100,2.83780489,0.853659,2.804878,1.047179988,25719.25,1586331295,27750407.59,E100_1000.1_r50_lk_ts_t19_t8_ite10.res
19,9,100,3.01097562,0.609756,3.04878,1.132481504,26285.48,1592001133,26656563.85,E100_1000.1_r50_lk_ts_t19_t9_ite10.res
1,10,100,4.81097565,1.097561,4.695122,1.938581208,29607.32,1901933894,27337600.28,E100_1000.1_r50_lk_ts_t1_t10_ite10.res
1,11,100,4.89268297,1.097561,4.756098,1.991928777,31400.98,1974482624,26177584.64,E100_1000.1_r50_lk_ts_t1_t11_ite10.res
1,12,100,4.89878052,1.097561,4.878049,1.968164853,34515.44,2077559577,24930570.93,E100_1000.1_r50_lk_ts_t1_t12_ite10.res
1,13,100,4.86585368,1.097561,4.8170735,1.927945412,36423.3,2106095969,23681601.99,E100_1000.1_r50_lk_ts_t1_t13_ite10.res
1,14,100,4.89146345,1.097561,4.878049,1.972270015,39347.03,2181027469,22405299.12,E100_1000.1_r50_lk_ts_t1_t14_ite10.res
1,15,100,4.98292686,1.097561,4.9390245,2.036287765,41896.6,2213510092,21420070.79,E100_1000.1_r50_lk_ts_t1_t15_ite10.res
1,16,100,4.94878051,1.097561,5.0609755,2.016878501,44364.28,2233714215,20895220.18,E100_1000.1_r50_lk_ts_t1_t16_ite10.res
1,17,100,4.97073173,1.097561,5.0609755,1.988217884,47610.04,2271225143,19747079.5,E100_1000.1_r50_lk_ts_t1_t17_ite10.res
1,18,100,5.08414637,1.097561,5.121951,2.06134007,50962.05,2282093681,18808959.87,E100_1000.1_r50_lk_ts_t1_t18_ite10.res
1,19,100,5.09146344,1.097561,5.1829265,2.060369123,53751.45,2272645387,18138059.55,E100_1000.1_r50_lk_ts_t1_t19_ite10.res
1,1,100,5.35853661,1.097561,5.304878,2.122319351,16803.84,1245113182,38612266.27,E100_1000.1_r50_lk_ts_t1_t1_ite10.res
1,20,100,5.15731711,1.097561,5.243902,2.11170908,57953.8,2297587751,17190454.21,E100_1000.1_r50_lk_ts_t1_t20_ite10.res
1,21,100,5.06463418,1.097561,5.0609755,2.088041068,60619.28,2272304105,16931051.96,E100_1000.1_r50_lk_ts_t1_t21_ite10.res
1,22,100,5.10000003,1.097561,5.0609755,2.107014793,63519.79,2256318831,16556433.14,E100_1000.1_r50_lk_ts_t1_t22_ite10.res
1,23,100,5.10000003,1.097561,5.0609755,2.107014793,66509.58,2215501081,16335342.43,E100_1000.1_r50_lk_ts_t1_t23_ite10.res
1,24,100,5.1365854,1.097561,5.1829265,2.111352295,70340.79,2201348633,16047239.83,E100_1000.1_r50_lk_ts_t1_t24_ite10.res
1,25,100,5.10121955,1.097561,5.0609755,2.106135872,74312.97,2168841314,15551873.24,E100_1000.1_r50_lk_ts_t1_t25_ite10.res
1,26,100,5.1365854,1.097561,5.1829265,2.111352295,78019.35,2124590615,15280060.9,E100_1000.1_r50_lk_ts_t1_t26_ite10.res
1,27,100,5.1365854,1.097561,5.1829265,2.111352295,84346.51,2086323987,14662329.66,E100_1000.1_r50_lk_ts_t1_t27_ite10.res
1,28,100,5.1365854,1.097561,5.1829265,2.111352295,88174.26,2060922170,14420915.9,E100_1000.1_r50_lk_ts_t1_t28_ite10.res
1,29,100,5.1365854,1.097561,5.1829265,2.111352295,94461.71,2011242553,13889741.2,E100_1000.1_r50_lk_ts_t1_t29_ite10.res
1,2,100,5.18292685,1.097561,5.1829265,2.049705666,17594.93,1298404245,37493148.98,E100_1000.1_r50_lk_ts_t1_t2_ite10.res
1,30,100,5.1365854,1.097561,5.1829265,2.111352295,103095.05,1999426851,13448925.01,E100_1000.1_r50_lk_ts_t1_t30_ite10.res
1,3,100,5.15121952,1.097561,5.1829265,2.010981233,18514.01,1358718789,36502594.4,E100_1000.1_r50_lk_ts_t1_t3_ite10.res
1,4,100,5.01097563,1.097561,4.8170735,2.034226576,20178.09,1465812420,35195991.77,E100_1000.1_r50_lk_ts_t1_t4_ite10.res
1,5,100,5.01219517,1.097561,4.878049,2.062054485,20971.79,1505714976,33772364.27,E100_1000.1_r50_lk_ts_t1_t5_ite10.res
1,6,100,4.90853663,1.097561,4.8170735,2.046836172,22468.06,1598653322,32879220.78,E100_1000.1_r50_lk_ts_t1_t6_ite10.res
1,7,100,4.84634154,1.097561,4.5731705,2.03396995,24139.89,1683457936,30980621.5,E100_1000.1_r50_lk_ts_t1_t7_ite10.res
1,8,100,4.85609759,1.097561,4.634146,2.026775351,25279.57,1738474453,30330136.3,E100_1000.1_r50_lk_ts_t1_t8_ite10.res
1,9,100,4.82317077,1.097561,4.512195,1.960465228,27021.94,1809096237,28809567.68,E100_1000.1_r50_lk_ts_t1_t9_ite10.res
20,10,100,3.33292683,1.097561,3.414634,1.096815474,27813.43,1650267846,25596385.77,E100_1000.1_r50_lk_ts_t20_t10_ite10.res
20,11,100,3.40243903,0.853659,3.414634,1.224245552,29894.43,1739822227,24767337.59,E100_1000.1_r50_lk_ts_t20_t11_ite10.res
20,12,100,3.66829272,0.731707,3.658537,1.24048003,31024.76,1763466788,23772265.44,E100_1000.1_r50_lk_ts_t20_t12_ite10.res
20,13,100,3.84756101,1.097561,3.780488,1.321706621,32723.05,1823336013,23179640.65,E100_1000.1_r50_lk_ts_t20_t13_ite10.res
20,14,100,4.11341464,1.097561,3.9634145,1.44501188,34715.34,1886692828,22281349.8,E100_1000.1_r50_lk_ts_t20_t14_ite10.res
20,15,100,4.19146345,1.097561,4.207317,1.51849364,36240.75,1935241813,21692351.53,E100_1000.1_r50_lk_ts_t20_t15_ite10.res
20,16,100,4.33170732,1.097561,4.3292685,1.465207889,37962.8,1978020085,21160315.1,E100_1000.1_r50_lk_ts_t20_t16_ite10.res
20,17,100,4.47682931,1.097561,4.5731705,1.515288912,39217.44,2004110941,20588340.71,E100_1000.1_r50_lk_ts_t20_t17_ite10.res
20,18,52,4.467636058,1.219512,4.5731705,1.513573029,39335.96154,1957887277,20391394.48,E100_1000.1_r50_lk_ts_t20_t18_ite10.res
20,1,100,3.37560976,1.097561,3.3536585,0.9206103439,13674.93,869820628.9,49358152.69,E100_1000.1_r50_lk_ts_t20_t1_ite10.res
20,2,100,2.81463409,0.121951,2.926829,0.9189444423,15835.44,1018669212,42067741.71,E100_1000.1_r50_lk_ts_t20_t2_ite10.res
20,3,100,2.66097561,0.121951,2.682927,0.9421427461,17734.23,1140312617,37393708.63,E100_1000.1_r50_lk_ts_t20_t3_ite10.res
20,4,100,2.73536584,0.609756,2.804878,0.9043737239,19510.76,1250501203,34812530.62,E100_1000.1_r50_lk_ts_t20_t4_ite10.res
20,5,100,2.74878047,0.853659,2.804878,1.027421222,20989.88,1334442269,32350782.16,E100_1000.1_r50_lk_ts_t20_t5_ite10.res
20,6,100,2.96585363,0.121951,3.04878,0.9583468921,22349.12,1406861431,30440534.54,E100_1000.1_r50_lk_ts_t20_t6_ite10.res
20,7,100,3.16585365,0.97561,3.170732,1.135161152,24042.95,1491629914,28916718.02,E100_1000.1_r50_lk_ts_t20_t7_ite10.res
20,8,100,3.0329268,0.853659,3.170732,1.100998532,24997.58,1530531754,27661278.3,E100_1000.1_r50_lk_ts_t20_t8_ite10.res
20,9,100,3.38658537,1.097561,3.414634,1.151706371,26420.08,1590339921,26533080.28,E100_1000.1_r50_lk_ts_t20_t9_ite10.res
22,10,100,3.59268294,0.97561,3.536585,1.341454456,28594.61,1680744169,25682939.51,E100_1000.1_r50_lk_ts_t22_t10_ite10.res
22,11,100,3.72073173,1.097561,3.7195125,1.245654162,29978.21,1728827928,24774691.98,E100_1000.1_r50_lk_ts_t22_t11_ite10.res
22,12,100,4.06341467,0.97561,4.02439,1.397342349,31628.9,1789756769,23895926.51,E100_1000.1_r50_lk_ts_t22_t12_ite10.res
22,13,100,4.02317076,1.097561,3.902439,1.402559011,33778.78,1873183233,23132905.8,E100_1000.1_r50_lk_ts_t22_t13_ite10.res
22,14,100,4.11707315,1.097561,4.0853655,1.41711685,34824.63,1899131622,22667423.9,E100_1000.1_r50_lk_ts_t22_t14_ite10.res
22,15,100,4.38902441,1.097561,4.390244,1.575670594,35664.87,1914916981,22073273.39,E100_1000.1_r50_lk_ts_t22_t15_ite10.res
22,16,100,4.33902442,1.097561,4.390244,1.55346064,37284.32,1967242160,21523839.91,E100_1000.1_r50_lk_ts_t22_t16_ite10.res
22,17,100,4.49512196,1.097561,4.4512195,1.628418384,38988.28,2022903663,20920347.77,E100_1000.1_r50_lk_ts_t22_t17_ite10.res
22,18,100,4.59268297,1.097561,4.634146,1.63055721,39572.3,2025615086,20696286.92,E100_1000.1_r50_lk_ts_t22_t18_ite10.res
22,19,100,4.65121953,1.097561,4.695122,1.675881695,41066.04,2066481714,20260783.88,E100_1000.1_r50_lk_ts_t22_t19_ite10.res
22,1,100,3.29268292,1.097561,3.292683,1.001594035,13978.92,883656143.9,48075850.06,E100_1000.1_r50_lk_ts_t22_t1_ite10.res
22,20,100,4.52926831,1.097561,4.4512195,1.600973058,41974.7,2082265714,19966099.2,E100_1000.1_r50_lk_ts_t22_t20_ite10.res
22,21,100,4.54024393,1.097561,4.5731705,1.784738023,43503.5,2126521022,19517336.44,E100_1000.1_r50_lk_ts_t22_t21_ite10.res
22,22,100,4.61463418,1.097561,4.5731705,1.809884981,44999.9,2166255781,19114363.8,E100_1000.1_r50_lk_ts_t22_t22_ite10.res
22,23,100,4.81829271,1.097561,4.756098,1.948561167,45791.83,2164649701,18795725.12,E100_1000.1_r50_lk_ts_t22_t23_ite10.res
22,24,100,4.82195124,1.097561,4.756098,1.908753517,46677.79,2178528399,18549753.37,E100_1000.1_r50_lk_ts_t22_t24_ite10.res
22,25,100,4.74024391,1.097561,4.695122,1.846608697,47724.42,2192707567,18317731.56,E100_1000.1_r50_lk_ts_t22_t25_ite10.res
22,26,100,4.98902443,1.097561,4.8170735,2.015083758,49235.82,2231820353,18015005.53,E100_1000.1_r50_lk_ts_t22_t26_ite10.res
22,27,100,4.96219516,1.097561,4.8170735,1.992412485,50277.26,2238552081,17772526.65,E100_1000.1_r50_lk_ts_t22_t27_ite10.res
22,28,100,4.98292686,1.097561,4.8170735,2.040856539,51465.94,2254312474,17601534.87,E100_1000.1_r50_lk_ts_t22_t28_ite10.res
22,29,100,5.05609759,1.097561,4.878049,2.09464697,52269.99,2256290051,17328431.91,E100_1000.1_r50_lk_ts_t22_t29_ite10.res
22,2,100,2.87073173,0.853659,2.926829,0.8945473427,16105.06,1029778675,41855296.06,E100_1000.1_r50_lk_ts_t22_t2_ite10.res
22,30,100,5.11341467,1.097561,4.9390245,2.114123519,52897.22,2256684444,17284756.46,E100_1000.1_r50_lk_ts_t22_t30_ite10.res
22,3,100,2.80121947,0.243902,2.804878,0.9083846461,17866.01,1145202366,37571316.91,E100_1000.1_r50_lk_ts_t22_t3_ite10.res
22,4,100,2.91829269,0.97561,3.04878,0.9476872266,19765.8,1256524870,34440904.75,E100_1000.1_r50_lk_ts_t22_t4_ite10.res
22,5,100,2.91219511,0.609756,2.9878045,0.9805675468,21420.53,1354728815,32400315.44,E100_1000.1_r50_lk_ts_t22_t5_ite10.res
22,6,100,3.01097565,0.365854,3.2317075,1.031838458,22761.43,1422506502,30610844.24,E100_1000.1_r50_lk_ts_t22_t6_ite10.res
22,7,100,3.17804877,1.097561,3.04878,1.008889726,23701.53,1464239973,29009991.01,E100_1000.1_r50_lk_ts_t22_t7_ite10.res
22,8,100,3.4487805,0.97561,3.414634,1.172162844,25605.1,1556145803,27928316.58,E100_1000.1_r50_lk_ts_t22_t8_ite10.res
22,9,100,3.33902439,0.853659,3.414634,1.075477915,26817.52,1609632025,26889656.14,E100_1000.1_r50_lk_ts_t22_t9_ite10.res
23,10,100,3.8097561,1.097561,3.780488,1.347566102,28708.12,1684173202,25627941.31,E100_1000.1_r50_lk_ts_t23_t10_ite10.res
23,11,100,4.02560978,1.097561,4.02439,1.278153397,30148.34,1740276139,25091607.87,E100_1000.1_r50_lk_ts_t23_t11_ite10.res
23,12,100,4.03048784,1.097561,4.02439,1.362119527,31452.97,1789228142,24290950,E100_1000.1_r50_lk_ts_t23_t12_ite10.res
23,13,100,4.06341467,1.097561,3.9634145,1.397234787,32859.34,1832102961,23474696.71,E100_1000.1_r50_lk_ts_t23_t13_ite10.res
23,14,100,4.26707318,1.097561,4.3292685,1.365877269,34649.31,1906975493,23060698.21,E100_1000.1_r50_lk_ts_t23_t14_ite10.res
23,15,100,4.44634149,1.097561,4.4512195,1.498854347,36179.1,1955572753,22365756.84,E100_1000.1_r50_lk_ts_t23_t15_ite10.res
23,16,100,4.54634147,1.097561,4.512195,1.593360137,37082.34,1981262262,21834055.77,E100_1000.1_r50_lk_ts_t23_t16_ite10.res
23,17,100,4.46585368,1.097561,4.4512195,1.598790908,37855.77,1994391608,21401409.51,E100_1000.1_r50_lk_ts_t23_t17_ite10.res
23,18,52,4.413696077,1.219512,4.5731705,1.509137087,39128.76923,2026061819,20931147.12,E100_1000.1_r50_lk_ts_t23_t18_ite10.res
23,1,100,3.33048783,1.097561,3.414634,0.9771014218,13722.91,865741959.8,48525312.12,E100_1000.1_r50_lk_ts_t23_t1_ite10.res
23,2,100,2.98414637,0.731707,2.926829,0.8864559733,16043.82,1023124014,41092764.68,E100_1000.1_r50_lk_ts_t23_t2_ite10.res
23,3,100,2.88048782,0.97561,2.926829,0.8754272043,17877.32,1142359728,37192072.11,E100_1000.1_r50_lk_ts_t23_t3_ite10.res
23,4,100,2.86219519,0.487805,2.926829,0.9764493296,19882.21,1264993849,34520858.9,E100_1000.1_r50_lk_ts_t23_t4_ite10.res
23,5,100,2.84146335,0.731707,2.926829,0.9671815059,21064.15,1327121159,32320090.61,E100_1000.1_r50_lk_ts_t23_t5_ite10.res
23,6,100,3.14024393,0.487805,3.170732,1.00479491,22327.51,1394204642,30689035.27,E100_1000.1_r50_lk_ts_t23_t6_ite10.res
23,7,100,3.28780486,1.097561,3.292683,1.020010767,23913.9,1471495591,29064554.05,E100_1000.1_r50_lk_ts_t23_t7_ite10.res
23,8,100,3.33536587,0.609756,3.3536585,1.117886156,25542.18,1554363851,28222427.69,E100_1000.1_r50_lk_ts_t23_t8_ite10.res
23,9,100,3.71463412,1.097561,3.658537,1.226687441,27423.18,1638435056,26893303.13,E100_1000.1_r50_lk_ts_t23_t9_ite10.res
25,10,100,4.04390245,1.097561,4.02439,1.303434132,28407.57,1684864761,26531495.39,E100_1000.1_r50_lk_ts_t25_t10_ite10.res
25,11,100,4.02926831,1.097561,4.02439,1.432384309,29343.93,1718137013,25829846.09,E100_1000.1_r50_lk_ts_t25_t11_ite10.res
25,12,100,4.30975612,1.097561,4.390244,1.552884206,30572.3,1769775264,25100687.72,E100_1000.1_r50_lk_ts_t25_t12_ite10.res
25,13,100,4.07682927,1.097561,4.0853655,1.500740918,31541.42,1801496958,24302283.49,E100_1000.1_r50_lk_ts_t25_t13_ite10.res
25,14,100,4.29268297,1.097561,4.3292685,1.475783301,33674.17,1895960675,23906586.56,E100_1000.1_r50_lk_ts_t25_t14_ite10.res
25,15,100,4.53780489,1.097561,4.5731705,1.672137361,34297.56,1909004733,23272728.46,E100_1000.1_r50_lk_ts_t25_t15_ite10.res
25,16,100,4.5,1.097561,4.390244,1.609720631,35412.79,1947343774,22823519.95,E100_1000.1_r50_lk_ts_t25_t16_ite10.res
25,17,100,4.45243903,1.097561,4.4512195,1.551749532,36538.97,1979743281,22312409.77,E100_1000.1_r50_lk_ts_t25_t17_ite10.res
25,18,100,4.54634149,1.097561,4.512195,1.638173296,38097.76,2034414891,21809049.59,E100_1000.1_r50_lk_ts_t25_t18_ite10.res
25,19,100,4.63292684,1.097561,4.5731705,1.726434939,38984.41,2056675495,21414833.4,E100_1000.1_r50_lk_ts_t25_t19_ite10.res
25,1,100,3.48170732,0.487805,3.536585,1.032810518,13861.65,871049347.2,47183499.01,E100_1000.1_r50_lk_ts_t25_t1_ite10.res
25,20,100,4.61097564,1.097561,4.5731705,1.832156301,39950.52,2077557767,21068220.12,E100_1000.1_r50_lk_ts_t25_t20_ite10.res
25,21,100,4.76829271,1.097561,4.756098,1.868833846,41078.07,2108244352,20692073.88,E100_1000.1_r50_lk_ts_t25_t21_ite10.res
25,22,100,4.83780491,1.097561,4.756098,1.90060105,42278.85,2138801319,20475145.27,E100_1000.1_r50_lk_ts_t25_t22_ite10.res
25,23,100,4.85609758,1.097561,4.756098,1.900310552,43015.05,2150240046,20092454.98,E100_1000.1_r50_lk_ts_t25_t23_ite10.res
25,24,100,4.86097563,1.097561,4.756098,1.939793176,43952.83,2165664123,19846532.94,E100_1000.1_r50_lk_ts_t25_t24_ite10.res
25,25,100,5.05487808,1.097561,4.878049,2.043677812,45262.17,2199360354,19432169.55,E100_1000.1_r50_lk_ts_t25_t25_ite10.res
25,26,100,4.94268295,1.097561,4.756098,1.968958478,45881.47,2197423288,19214825.9,E100_1000.1_r50_lk_ts_t25_t26_ite10.res
25,27,100,5.05243906,1.097561,4.878049,2.105864784,47211.83,2228551808,18851132.68,E100_1000.1_r50_lk_ts_t25_t27_ite10.res
25,28,100,5.11341467,1.097561,4.9390245,2.114123519,48172.41,2244740890,18634438.35,E100_1000.1_r50_lk_ts_t25_t28_ite10.res
25,29,100,5.06097564,1.097561,4.878049,2.090201492,48968.23,2247942229,18352132.55,E100_1000.1_r50_lk_ts_t25_t29_ite10.res
25,2,100,3.11463413,0.243902,3.292683,0.9939789438,16161.15,1027725286,40986241.74,E100_1000.1_r50_lk_ts_t25_t2_ite10.res
25,30,100,5.11341467,1.097561,4.9390245,2.114123519,49440.56,2237009794,18214778.47,E100_1000.1_r50_lk_ts_t25_t30_ite10.res
25,3,100,2.97317075,0.609756,2.926829,0.9514090397,18322.08,1165742586,36902719.65,E100_1000.1_r50_lk_ts_t25_t3_ite10.res
25,4,100,3.12317077,0.853659,3.170732,0.9824983171,19796.76,1254958794,34435688.63,E100_1000.1_r50_lk_ts_t25_t4_ite10.res
25,5,100,3.18536585,0.97561,3.170732,1.051964092,21328.11,1340117027,32394270.07,E100_1000.1_r50_lk_ts_t25_t5_ite10.res
25,6,100,3.22073169,0.853659,3.292683,1.112595118,22709.39,1412012782,30694972.43,E100_1000.1_r50_lk_ts_t25_t6_ite10.res
25,7,100,3.41707319,1.097561,3.4756095,1.147410277,23638.07,1460529878,29670342.36,E100_1000.1_r50_lk_ts_t25_t7_ite10.res
25,8,100,3.94634146,1.097561,4.02439,1.300064457,25480.56,1549514015,28503516.72,E100_1000.1_r50_lk_ts_t25_t8_ite10.res
25,9,100,4.02317076,1.097561,3.902439,1.350058145,26743.4,1606739604,27223939.31,E100_1000.1_r50_lk_ts_t25_t9_ite10.res
26,10,100,4.07317077,1.097561,4.02439,1.462695865,27632.98,1654549589,27103864.9,E100_1000.1_r50_lk_ts_t26_t10_ite10.res
26,11,100,4.2256098,1.097561,4.268293,1.424439407,28507.92,1690457249,26336924.21,E100_1000.1_r50_lk_ts_t26_t11_ite10.res
26,12,100,4.30000001,1.097561,4.390244,1.517005523,29726.84,1743122670,25714281.43,E100_1000.1_r50_lk_ts_t26_t12_ite10.res
26,13,100,4.35000004,1.097561,4.3292685,1.541508208,30919.42,1788475985,24913005.72,E100_1000.1_r50_lk_ts_t26_t13_ite10.res
26,14,100,4.54512199,1.097561,4.5731705,1.624339023,32586.5,1859612334,24247426.6,E100_1000.1_r50_lk_ts_t26_t14_ite10.res
26,15,100,4.50487807,1.097561,4.512195,1.6060133,33739.06,1898465622,23689342.62,E100_1000.1_r50_lk_ts_t26_t15_ite10.res
26,16,100,4.71219514,1.097561,4.634146,1.813516786,34635.5,1923170724,23163093.33,E100_1000.1_r50_lk_ts_t26_t16_ite10.res
26,17,100,4.65731709,1.097561,4.634146,1.756557296,36144.07,1981636074,22454089.18,E100_1000.1_r50_lk_ts_t26_t17_ite10.res
26,18,51,4.79674802,1.219512,4.634146,1.926314642,36956.11765,2003254556,22405749.63,E100_1000.1_r50_lk_ts_t26_t18_ite10.res
26,1,100,3.42682929,0.853659,3.536585,1.08724727,14132.7,885442752.5,46910244.83,E100_1000.1_r50_lk_ts_t26_t1_ite10.res
26,2,100,3.1695122,0.853659,3.170732,0.9906597743,16347.05,1035948264,40181841.67,E100_1000.1_r50_lk_ts_t26_t2_ite10.res
26,3,100,2.95243902,1.097561,2.926829,0.9297704279,17851.11,1135970520,36794650.41,E100_1000.1_r50_lk_ts_t26_t3_ite10.res
26,4,100,3.10853662,0.609756,3.170732,1.074739429,19624.04,1242460788,34368552.11,E100_1000.1_r50_lk_ts_t26_t4_ite10.res
26,5,100,3.48292686,1.097561,3.658537,1.045954916,21287.38,1337662524,32448187.57,E100_1000.1_r50_lk_ts_t26_t5_ite10.res
26,6,100,3.37926831,0.731707,3.414634,1.156579545,22747.19,1416465592,31005329.52,E100_1000.1_r50_lk_ts_t26_t6_ite10.res
26,7,100,3.7195122,1.097561,3.658537,1.162436235,23743.76,1467462426,29816755.63,E100_1000.1_r50_lk_ts_t26_t7_ite10.res
26,8,100,3.76463414,1.097561,3.8414635,1.295333887,25353.65,1548957015,28806671.99,E100_1000.1_r50_lk_ts_t26_t8_ite10.res
26,9,100,4.03048782,1.097561,4.02439,1.346814021,26397.26,1598611787,27896000.74,E100_1000.1_r50_lk_ts_t26_t9_ite10.res
28,10,100,4.31585368,1.097561,4.3292685,1.536123326,26057.24,1595526073,28508269.05,E100_1000.1_r50_lk_ts_t28_t10_ite10.res
28,11,100,4.53780489,1.097561,4.634146,1.590643995,27097.78,1643432308,27811150.55,E100_1000.1_r50_lk_ts_t28_t11_ite10.res
28,12,100,4.61951223,1.097561,4.756098,1.588658044,28269.01,1694392133,26923513.79,E100_1000.1_r50_lk_ts_t28_t12_ite10.res
28,13,100,4.6365854,1.097561,4.634146,1.658397049,29433.62,1741472981,26173308.35,E100_1000.1_r50_lk_ts_t28_t13_ite10.res
28,14,100,4.59390245,1.097561,4.634146,1.668248184,30562.19,1787489105,25445594.16,E100_1000.1_r50_lk_ts_t28_t14_ite10.res
28,15,100,4.74390247,1.097561,4.756098,1.784034635,32047.24,1849130626,24912448.03,E100_1000.1_r50_lk_ts_t28_t15_ite10.res
28,16,100,4.8182927,1.097561,4.756098,1.809202152,32979.65,1879668192,24322974.17,E100_1000.1_r50_lk_ts_t28_t16_ite10.res
28,17,100,4.84878052,1.097561,4.756098,1.881061939,34251.45,1924851923,23724121.44,E100_1000.1_r50_lk_ts_t28_t17_ite10.res
28,18,100,4.86097564,1.097561,4.756098,1.905413613,35360.74,1960677110,23294348.17,E100_1000.1_r50_lk_ts_t28_t18_ite10.res
28,19,100,5.02804881,1.097561,4.878049,2.012977363,36555.16,1997767785,22774821.51,E100_1000.1_r50_lk_ts_t28_t19_ite10.res
28,1,100,3.58292683,1.097561,3.4756095,1.056452789,14106.35,880737292.6,45739035.76,E100_1000.1_r50_lk_ts_t28_t1_ite10.res
28,20,100,5.05853662,1.097561,4.878049,2.098735201,37597.22,2028247836,22307331.46,E100_1000.1_r50_lk_ts_t28_t20_ite10.res
28,21,100,5.07439028,1.097561,4.878049,2.083823699,38931.04,2070874457,21871406.45,E100_1000.1_r50_lk_ts_t28_t21_ite10.res
28,22,100,5.06097564,1.097561,4.878049,2.090201492,39816.04,2091728444,21532386.31,E100_1000.1_r50_lk_ts_t28_t22_ite10.res
28,23,100,5.11341467,1.097561,4.9390245,2.114123519,40835.29,2118711631,21200898.41,E100_1000.1_r50_lk_ts_t28_t23_ite10.res
28,24,100,5.11341467,1.097561,4.9390245,2.114123519,41657.58,2130833335,20794050.4,E100_1000.1_r50_lk_ts_t28_t24_ite10.res
28,25,100,5.11341467,1.097561,4.9390245,2.114123519,42703.49,2159079265,20546549.19,E100_1000.1_r50_lk_ts_t28_t25_ite10.res
28,26,100,5.11341467,1.097561,4.9390245,2.114123519,43636.38,2176555035,20140723.93,E100_1000.1_r50_lk_ts_t28_t26_ite10.res
28,27,100,5.11341467,1.097561,4.9390245,2.114123519,44384.29,2184321752,19929076.7,E100_1000.1_r50_lk_ts_t28_t27_ite10.res
28,28,100,5.11341467,1.097561,4.9390245,2.114123519,45353.72,2203689586,19646688.2,E100_1000.1_r50_lk_ts_t28_t28_ite10.res
28,29,100,5.11341467,1.097561,4.9390245,2.114123519,45617.76,2190306039,19390565.61,E100_1000.1_r50_lk_ts_t28_t29_ite10.res
28,2,100,3.39024386,1.097561,3.414634,1.008916536,16251.87,1029243929,40114586.79,E100_1000.1_r50_lk_ts_t28_t2_ite10.res
28,30,100,5.11341467,1.097561,4.9390245,2.114123519,46685.07,2209608929,19232960.17,E100_1000.1_r50_lk_ts_t28_t30_ite10.res
28,3,100,3.2987805,1.097561,3.292683,1.026537064,17921.12,1139053470,37066069.62,E100_1000.1_r50_lk_ts_t28_t3_ite10.res
28,4,100,3.6609756,1.097561,3.658537,1.132386611,19435.08,1233127708,34854462.16,E100_1000.1_r50_lk_ts_t28_t4_ite10.res
28,5,100,3.64146338,0.243902,3.658537,1.249931016,20685.96,1306873696,33240258.59,E100_1000.1_r50_lk_ts_t28_t5_ite10.res
28,6,100,3.88292686,1.097561,3.8414635,1.196596714,21931.18,1379002213,32130963.48,E100_1000.1_r50_lk_ts_t28_t6_ite10.res
28,7,100,4.06951221,1.097561,4.146341,1.399895935,22708.04,1422889907,31153180.72,E100_1000.1_r50_lk_ts_t28_t7_ite10.res
28,8,100,3.95243905,1.097561,3.902439,1.364953121,23562.97,1467582233,30191269.47,E100_1000.1_r50_lk_ts_t28_t8_ite10.res
28,9,100,4.20853661,1.097561,4.207317,1.329991345,24792.13,1533047363,29283289.09,E100_1000.1_r50_lk_ts_t28_t9_ite10.res
29,10,100,4.44756097,1.097561,4.4512195,1.49061671,25155.82,1555048158,29181644.52,E100_1000.1_r50_lk_ts_t29_t10_ite10.res
29,11,100,4.63170734,1.097561,4.634146,1.672019235,26199.19,1603869223,28318054.13,E100_1000.1_r50_lk_ts_t29_t11_ite10.res
29,12,100,4.62926832,1.097561,4.695122,1.636966063,27487.37,1663237339,27451459.3,E100_1000.1_r50_lk_ts_t29_t12_ite10.res
29,13,100,4.91097563,1.097561,4.8170735,1.924619661,28579.27,1711566129,26830493.98,E100_1000.1_r50_lk_ts_t29_t13_ite10.res
29,14,100,4.6573171,1.097561,4.634146,1.724101399,29784,1760630246,26134807.65,E100_1000.1_r50_lk_ts_t29_t14_ite10.res
29,15,100,4.74024391,1.097561,4.756098,1.753815022,30991.69,1806964178,25417120.78,E100_1000.1_r50_lk_ts_t29_t15_ite10.res
29,16,100,4.92560977,1.097561,4.8170735,1.903194939,32186.61,1852312561,24648939.9,E100_1000.1_r50_lk_ts_t29_t16_ite10.res
29,17,100,4.92804881,1.097561,4.756098,1.938636983,33216.98,1886616515,24148101.94,E100_1000.1_r50_lk_ts_t29_t17_ite10.res
29,18,51,4.952176059,1.219512,4.756098,2.047630126,34421.45098,1928895323,23934070.75,E100_1000.1_r50_lk_ts_t29_t18_ite10.res
29,1,100,3.73536588,1.097561,3.7195125,1.093331051,14151.03,882538535.3,45315450.32,E100_1000.1_r50_lk_ts_t29_t1_ite10.res
29,2,100,3.5,1.097561,3.4756095,1.066320568,16193.15,1024194709,39621468.21,E100_1000.1_r50_lk_ts_t29_t2_ite10.res
29,3,100,3.53414633,1.097561,3.536585,1.166239734,17885.6,1136842888,36905164.23,E100_1000.1_r50_lk_ts_t29_t3_ite10.res
29,4,100,3.60487807,1.097561,3.658537,1.139836199,19230.15,1221392142,34988965.29,E100_1000.1_r50_lk_ts_t29_t4_ite10.res
29,5,100,3.99268295,0.609756,4.146341,1.279342871,20033.02,1273392337,33741318.09,E100_1000.1_r50_lk_ts_t29_t5_ite10.res
29,6,100,3.97682927,1.097561,4.02439,1.299876652,20910.95,1325684055,32748259.03,E100_1000.1_r50_lk_ts_t29_t6_ite10.res
29,7,100,4.05243903,1.097561,4.02439,1.381228248,22020.65,1390233736,31937877.81,E100_1000.1_r50_lk_ts_t29_t7_ite10.res
29,8,100,4.32804879,1.097561,4.390244,1.377704239,22831.69,1434883240,30976470.97,E100_1000.1_r50_lk_ts_t29_t8_ite10.res
29,9,100,4.40609761,1.097561,4.3292685,1.45287071,24117.41,1502352902,30018027.63,E100_1000.1_r50_lk_ts_t29_t9_ite10.res
2,10,100,4.6987805,1.097561,4.5731705,1.881328256,29553.47,1876795689,27827324.94,E100_1000.1_r50_lk_ts_t2_t10_ite10.res
2,11,100,4.75853661,1.097561,4.634146,1.895450582,31386.22,1950933482,26970018.88,E100_1000.1_r50_lk_ts_t2_t11_ite10.res
2,12,100,4.69634148,1.097561,4.512195,1.91182634,34103.54,2052704014,25556102.64,E100_1000.1_r50_lk_ts_t2_t12_ite10.res
2,13,100,4.75000004,1.097561,4.695122,1.957627987,36239.95,2112506972,23910987.51,E100_1000.1_r50_lk_ts_t2_t13_ite10.res
2,14,100,4.75243905,1.097561,4.512195,1.957020137,38389.84,2166474050,23162158.28,E100_1000.1_r50_lk_ts_t2_t14_ite10.res
2,15,100,4.69390246,1.097561,4.5731705,1.904899131,40476.24,2206812661,22303340.42,E100_1000.1_r50_lk_ts_t2_t15_ite10.res
2,16,100,4.82317074,1.097561,4.756098,1.975959149,42551.59,2239141273,21648089.63,E100_1000.1_r50_lk_ts_t2_t16_ite10.res
2,17,100,4.83902442,1.097561,4.8170735,1.97348714,44592.75,2259086751,20849259.27,E100_1000.1_r50_lk_ts_t2_t17_ite10.res
2,18,53,4.811320736,1.219512,4.756098,2.006083485,46591.13208,2295896299,20250138.02,E100_1000.1_r50_lk_ts_t2_t18_ite10.res
2,1,100,4.8353659,0.853659,4.878049,2.027293717,15214.9,1107291410,39461769.31,E100_1000.1_r50_lk_ts_t2_t1_ite10.res
2,2,100,4.9073171,0.97561,4.878049,2.066393254,17117.63,1244194106,37648121.77,E100_1000.1_r50_lk_ts_t2_t2_ite10.res
2,3,100,4.74024394,0.853659,4.8170735,2.037883124,18058.96,1308466604,37312490.18,E100_1000.1_r50_lk_ts_t2_t3_ite10.res
2,4,100,4.68292688,1.097561,4.512195,1.935449923,18987.39,1375800241,35125175.03,E100_1000.1_r50_lk_ts_t2_t4_ite10.res
2,5,100,4.55000005,1.097561,4.390244,1.880069372,21020.91,1488670325,33137654.58,E100_1000.1_r50_lk_ts_t2_t5_ite10.res
2,6,100,4.5646342,1.097561,4.390244,1.909527401,22886.64,1591888128,31754343.66,E100_1000.1_r50_lk_ts_t2_t6_ite10.res
2,7,100,4.57804884,1.097561,4.390244,1.913469832,24055.66,1646884037,30493805.23,E100_1000.1_r50_lk_ts_t2_t7_ite10.res
2,8,100,4.67073172,1.097561,4.4512195,1.88539979,25720.26,1720382093,29696013.37,E100_1000.1_r50_lk_ts_t2_t8_ite10.res
2,9,100,4.60365856,1.097561,4.390244,1.909615544,27730.49,1805574979,28349562.7,E100_1000.1_r50_lk_ts_t2_t9_ite10.res
4,10,100,4.3280488,1.097561,4.268293,1.581285613,29380.58,1852014640,27462224.11,E100_1000.1_r50_lk_ts_t4_t10_ite10.res
4,11,100,4.3792683,1.097561,4.207317,1.678575416,31566.93,1937613763,26387801.98,E100_1000.1_r50_lk_ts_t4_t11_ite10.res
4,12,100,4.48536586,1.097561,4.3292685,1.763886999,33632.85,2017689631,25803790.03,E100_1000.1_r50_lk_ts_t4_t12_ite10.res
4,13,100,4.65121953,1.097561,4.5731705,1.835050373,36079.24,2092995697,24345661.34,E100_1000.1_r50_lk_ts_t4_t13_ite10.res
4,14,100,4.66585366,1.097561,4.512195,1.897956511,38432.9,2161892898,23337421.88,E100_1000.1_r50_lk_ts_t4_t14_ite10.res
4,15,100,4.62560975,1.097561,4.4512195,1.851775361,40194.9,2193980858,22381547.5,E100_1000.1_r50_lk_ts_t4_t15_ite10.res
4,16,100,4.76829272,1.097561,4.634146,1.93797086,41859.85,2217517274,21991368.55,E100_1000.1_r50_lk_ts_t4_t16_ite10.res
4,17,100,4.77195124,1.097561,4.634146,1.878547454,43929.2,2241653126,20584926.58,E100_1000.1_r50_lk_ts_t4_t17_ite10.res
4,18,100,4.78048782,1.097561,4.695122,1.918689805,45940.52,2276585681,20023859.85,E100_1000.1_r50_lk_ts_t4_t18_ite10.res
4,19,100,4.77439027,1.097561,4.5731705,1.975959143,48183.86,2302323509,19278099.68,E100_1000.1_r50_lk_ts_t4_t19_ite10.res
4,1,100,4.34390242,1.097561,4.146341,1.691119058,15162.76,1072301029,42324355.69,E100_1000.1_r50_lk_ts_t4_t1_ite10.res
4,20,100,4.88536587,1.097561,4.695122,2.047529209,49639.87,2301244453,18887678.17,E100_1000.1_r50_lk_ts_t4_t20_ite10.res
4,21,100,4.8695122,1.097561,4.756098,1.977849738,51560.87,2315905697,18552701.62,E100_1000.1_r50_lk_ts_t4_t21_ite10.res
4,22,100,4.96707319,1.097561,4.878049,2.045329559,52617.14,2296610591,18134664.95,E100_1000.1_r50_lk_ts_t4_t22_ite10.res
4,23,100,4.94512195,1.097561,4.756098,2.071639431,55502.64,2318639280,17675894.43,E100_1000.1_r50_lk_ts_t4_t23_ite10.res
4,24,100,4.95121951,1.097561,4.756098,2.069072647,57902.55,2322915323,17118574.22,E100_1000.1_r50_lk_ts_t4_t24_ite10.res
4,25,100,4.99512196,1.097561,4.8170735,2.08829029,59116.09,2302215235,17060368.06,E100_1000.1_r50_lk_ts_t4_t25_ite10.res
4,26,100,5.00487805,1.097561,4.8170735,2.093750294,61814.49,2304267447,16588229.83,E100_1000.1_r50_lk_ts_t4_t26_ite10.res
4,27,100,4.99024391,1.097561,4.8170735,2.092010383,63732.96,2276097667,16204327.24,E100_1000.1_r50_lk_ts_t4_t27_ite10.res
4,28,100,4.98292683,1.097561,4.8170735,2.07834664,65993.49,2266446559,15918847.32,E100_1000.1_r50_lk_ts_t4_t28_ite10.res
4,29,100,5.04512196,1.097561,4.878049,2.115643579,69224.27,2260189140,15610424.65,E100_1000.1_r50_lk_ts_t4_t29_ite10.res
4,2,100,4.24024389,0.97561,4.2682925,1.576562676,16382.83,1159592417,37681073.42,E100_1000.1_r50_lk_ts_t4_t2_ite10.res
4,30,100,5.04512196,1.097561,4.878049,2.115643579,72960.59,2248742207,15167294.54,E100_1000.1_r50_lk_ts_t4_t30_ite10.res
4,3,100,4.1012195,1.097561,4.0853655,1.457722201,18476.87,1309140554,35775531.26,E100_1000.1_r50_lk_ts_t4_t3_ite10.res
4,4,100,4.16097563,1.097561,4.146341,1.602497998,19765.05,1383769049,34578182.22,E100_1000.1_r50_lk_ts_t4_t4_ite10.res
4,5,100,4.00000005,1.097561,3.902439,1.472318326,21270.38,1465335764,32964476.35,E100_1000.1_r50_lk_ts_t4_t5_ite10.res
4,6,100,4.12560983,1.097561,4.02439,1.522090388,22382.62,1522719105,31319311.94,E100_1000.1_r50_lk_ts_t4_t6_ite10.res
4,7,100,4.16097561,1.097561,4.02439,1.550372773,23710.43,1595421706,31028030.93,E100_1000.1_r50_lk_ts_t4_t7_ite10.res
4,8,100,4.21829271,1.097561,4.02439,1.545308068,25314.4,1670541626,29691754.22,E100_1000.1_r50_lk_ts_t4_t8_ite10.res
4,9,100,4.20000003,1.097561,4.0853655,1.519152862,27067.57,1747875857,29056953.45,E100_1000.1_r50_lk_ts_t4_t9_ite10.res
5,10,100,4.30000003,1.097561,4.268293,1.586229824,29597.43,1847322344,27200046.4,E100_1000.1_r50_lk_ts_t5_t10_ite10.res
5,11,100,4.37804878,1.097561,4.390244,1.634907309,31484.12,1926899416,26921703.55,E100_1000.1_r50_lk_ts_t5_t11_ite10.res
5,12,100,4.5646342,1.097561,4.5731705,1.711118742,33861.4,2009589749,25410522.24,E100_1000.1_r50_lk_ts_t5_t12_ite10.res
5,13,100,4.57804881,1.097561,4.695122,1.707705899,36029,2075517963,24279278.68,E100_1000.1_r50_lk_ts_t5_t13_ite10.res
5,14,100,4.62560977,1.097561,4.634146,1.886575042,38016.5,2120182902,22874990.59,E100_1000.1_r50_lk_ts_t5_t14_ite10.res
5,15,100,4.76219516,1.097561,4.756098,1.862946535,40035.32,2162259307,21931718.1,E100_1000.1_r50_lk_ts_t5_t15_ite10.res
5,16,100,4.74390245,1.097561,4.756098,1.695086921,42509.43,2222866805,21187239.29,E100_1000.1_r50_lk_ts_t5_t16_ite10.res
5,17,100,4.6390244,1.097561,4.634146,1.763064084,43941.64,2238819797,20456771.16,E100_1000.1_r50_lk_ts_t5_t17_ite10.res
5,18,54,4.733514056,1.219512,4.695122,1.914207455,45987.38889,2282464193,19488205.07,E100_1000.1_r50_lk_ts_t5_t18_ite10.res
5,1,100,4.0146341,1.097561,3.9634145,1.473509519,14734.3,1028584229,43525916.39,E100_1000.1_r50_lk_ts_t5_t1_ite10.res
5,2,100,3.68658535,0.243902,3.658537,1.419736491,16106.08,1125881053,38167356.13,E100_1000.1_r50_lk_ts_t5_t2_ite10.res
5,3,100,3.73048781,1.097561,3.658537,1.369128886,18101.35,1263791580,36539878.28,E100_1000.1_r50_lk_ts_t5_t3_ite10.res
5,4,100,3.76585368,0.609756,3.8414635,1.387026589,19439.36,1343127700,34505351,E100_1000.1_r50_lk_ts_t5_t4_ite10.res
5,5,100,3.96463417,1.097561,3.780488,1.539308086,20858.84,1424915351,32915435.81,E100_1000.1_r50_lk_ts_t5_t5_ite10.res
5,6,100,3.85731711,1.097561,3.7195125,1.476969223,22319.62,1509477742,32009452.43,E100_1000.1_r50_lk_ts_t5_t6_ite10.res
5,7,100,3.97073173,1.097561,3.902439,1.356587889,23896.84,1592392541,30602847.72,E100_1000.1_r50_lk_ts_t5_t7_ite10.res
5,8,100,4.08292685,1.097561,3.9634145,1.520552496,25341.33,1656949237,29713269.25,E100_1000.1_r50_lk_ts_t5_t8_ite10.res
5,9,100,4.12195124,1.097561,4.268293,1.501315881,26918.4,1736155117,29051763.44,E100_1000.1_r50_lk_ts_t5_t9_ite10.res
7,10,100,3.87439026,0.97561,3.8414635,1.374031285,29179.69,1809884062,26783454.92,E100_1000.1_r50_lk_ts_t7_t10_ite10.res
7,11,100,3.98780486,1.097561,3.9634145,1.457293997,31087.65,1884921567,25569686.68,E100_1000.1_r50_lk_ts_t7_t11_ite10.res
7,12,100,4.18292685,1.097561,4.146341,1.468384836,33245.65,1958266482,24351865.32,E100_1000.1_r50_lk_ts_t7_t12_ite10.res
7,13,100,4.20000002,1.097561,3.9634145,1.514299666,35171.1,2021583302,23590066.37,E100_1000.1_r50_lk_ts_t7_t13_ite10.res
7,14,100,4.36219509,1.097561,4.146341,1.633745004,37393.11,2078787640,22286813.93,E100_1000.1_r50_lk_ts_t7_t14_ite10.res
7,15,100,4.57682926,1.097561,4.512195,1.683522535,39639.89,2129367642,21325602.13,E100_1000.1_r50_lk_ts_t7_t15_ite10.res
7,16,100,4.49268293,1.097561,4.268293,1.735653337,40735.33,2150697811,21176760.97,E100_1000.1_r50_lk_ts_t7_t16_ite10.res
7,17,100,4.64024393,1.097561,4.5731705,1.743223523,42827.54,2188354259,20027846.42,E100_1000.1_r50_lk_ts_t7_t17_ite10.res
7,18,100,4.69634149,1.097561,4.756098,1.743061495,44481.89,2210533855,19802104.51,E100_1000.1_r50_lk_ts_t7_t18_ite10.res
7,19,100,4.82195123,0.121951,4.8170735,1.977938237,46478.49,2250442824,18978379.68,E100_1000.1_r50_lk_ts_t7_t19_ite10.res
7,1,100,3.59878049,0.97561,3.414634,1.294038971,14004.31,955948531.4,45653177.56,E100_1000.1_r50_lk_ts_t7_t1_ite10.res
7,20,100,4.85731709,1.097561,4.878049,1.83873342,47913.88,2254185251,18651970.08,E100_1000.1_r50_lk_ts_t7_t20_ite10.res
7,21,100,4.88048784,1.097561,4.878049,1.893547497,49547.18,2272230439,18238302.98,E100_1000.1_r50_lk_ts_t7_t21_ite10.res
7,22,100,4.94878051,1.097561,4.878049,1.937868539,51129.03,2276461485,18061535.77,E100_1000.1_r50_lk_ts_t7_t22_ite10.res
7,23,100,4.98658538,1.097561,4.878049,2.044891779,53103.82,2289321565,17491965.15,E100_1000.1_r50_lk_ts_t7_t23_ite10.res
7,24,100,4.99634149,1.097561,4.9390245,2.005995072,54893.69,2293701296,17162068.91,E100_1000.1_r50_lk_ts_t7_t24_ite10.res
7,25,100,4.95731708,1.097561,4.878049,1.981577033,56658.59,2292783691,16945591.52,E100_1000.1_r50_lk_ts_t7_t25_ite10.res
7,26,100,4.997561,1.097561,4.9390245,2.062307972,58050.94,2280433817,16683071.38,E100_1000.1_r50_lk_ts_t7_t26_ite10.res
7,27,100,5.04146344,1.097561,5,2.059263836,60435.11,2298291498,16406159.87,E100_1000.1_r50_lk_ts_t7_t27_ite10.res
7,28,100,5.08048783,1.097561,5,2.10200663,62799.26,2294201363,16063360.42,E100_1000.1_r50_lk_ts_t7_t28_ite10.res
7,29,100,5.08048783,1.097561,5,2.10200663,65890.49,2276267524,15703410.61,E100_1000.1_r50_lk_ts_t7_t29_ite10.res
7,2,100,3.3804878,1.097561,3.2317075,1.230558492,16215.79,1113599452,40345390.92,E100_1000.1_r50_lk_ts_t7_t2_ite10.res
7,30,100,5.08048783,1.097561,5,2.10200663,68493.42,2266181338,15254418.57,E100_1000.1_r50_lk_ts_t7_t30_ite10.res
7,3,100,3.39390247,0.97561,3.170732,1.278806688,17854.63,1223577623,37116500.67,E100_1000.1_r50_lk_ts_t7_t3_ite10.res
7,4,100,3.5414634,0.731707,3.536585,1.111220436,18944.67,1292204195,35040446.36,E100_1000.1_r50_lk_ts_t7_t4_ite10.res
7,5,100,3.5097561,1.097561,3.414634,1.273217568,20641.42,1395211936,33439795.06,E100_1000.1_r50_lk_ts_t7_t5_ite10.res
7,6,100,3.49268295,0.853659,3.414634,1.209185146,22416.27,1498257411,31409824.01,E100_1000.1_r50_lk_ts_t7_t6_ite10.res
7,7,100,3.73902442,1.097561,3.658537,1.316906585,23851.29,1568322593,30132602.36,E100_1000.1_r50_lk_ts_t7_t7_ite10.res
7,8,100,3.77682927,1.097561,3.658537,1.211659233,25689.04,1659217676,29026522.44,E100_1000.1_r50_lk_ts_t7_t8_ite10.res
7,9,100,3.81585365,1.097561,3.902439,1.32736836,27316.74,1736172566,28311656.95,E100_1000.1_r50_lk_ts_t7_t9_ite10.res
8,10,100,3.84878047,1.097561,3.8414635,1.291927297,29300.69,1807546666,25966775.98,E100_1000.1_r50_lk_ts_t8_t10_ite10.res
8,11,100,3.93536587,1.097561,3.780488,1.33858849,31050.71,1872401817,25340724.37,E100_1000.1_r50_lk_ts_t8_t11_ite10.res
8,12,100,4.04756097,1.097561,4.02439,1.442185552,33152.39,1949428062,23955110.42,E100_1000.1_r50_lk_ts_t8_t12_ite10.res
8,13,100,4.10243901,1.097561,4.02439,1.401704542,35039.75,2015908246,22907265.77,E100_1000.1_r50_lk_ts_t8_t13_ite10.res
8,14,100,4.34024393,1.097561,4.207317,1.637440933,36865.83,2055290562,22420522.95,E100_1000.1_r50_lk_ts_t8_t14_ite10.res
8,15,100,4.1780488,1.097561,4.02439,1.452349983,38902.36,2111467580,21271715.02,E100_1000.1_r50_lk_ts_t8_t15_ite10.res
8,16,100,4.41219515,1.097561,4.268293,1.680747369,40346.13,2121897852,20875330.7,E100_1000.1_r50_lk_ts_t8_t16_ite10.res
8,17,100,4.51951222,1.097561,4.268293,1.738083767,42284.06,2161291335,20037775.05,E100_1000.1_r50_lk_ts_t8_t17_ite10.res
8,18,54,4.342818426,1.219512,4.2682925,1.577721767,43253.94444,2185867120,19812594.81,E100_1000.1_r50_lk_ts_t8_t18_ite10.res
8,1,100,3.51585364,0.97561,3.536585,1.235064024,13409.84,907516037.5,47270640.88,E100_1000.1_r50_lk_ts_t8_t1_ite10.res
8,2,100,3.30609753,1.097561,3.292683,1.080788747,16051.37,1096149866,40761175.82,E100_1000.1_r50_lk_ts_t8_t2_ite10.res
8,3,100,3.30121952,0.365854,3.292683,1.241396993,17355.53,1183947375,38211728.4,E100_1000.1_r50_lk_ts_t8_t3_ite10.res
8,4,100,3.20731708,0.365854,3.170732,1.261830412,19058.3,1293785223,35191705.1,E100_1000.1_r50_lk_ts_t8_t4_ite10.res
8,5,100,3.32682931,1.097561,3.2317075,1.27351244,20451.65,1377077778,33251086.48,E100_1000.1_r50_lk_ts_t8_t5_ite10.res
8,6,100,3.36951218,0.731707,3.292683,1.237567087,22573.47,1497222681,31319923.55,E100_1000.1_r50_lk_ts_t8_t6_ite10.res
8,7,100,3.48292683,1.097561,3.3536585,1.24744075,23879.23,1560068249,29227239.19,E100_1000.1_r50_lk_ts_t8_t7_ite10.res
8,8,100,3.7597561,1.097561,3.780488,1.301050308,25474.59,1635087549,28093255.53,E100_1000.1_r50_lk_ts_t8_t8_ite10.res
8,9,100,3.74756094,0.243902,3.7195125,1.332063522,27054.58,1707960699,27802896.82,E100_1000.1_r50_lk_ts_t8_t9_ite10.res
